maz_taz,name,fidesz_2022_pct,unitedforhungary_2022_pct,valid_votes_2022,fidesz_2026_pct,tisza_2026_pct,dk_2026_pct,mihazank_2026_pct,mkkp_2026_pct,valid_votes_2026,shift_fidesz_pp,shift_opposition_pp
01-001,Budapest I.,44.37,45.3,14438,31.69,61.42,1.05,3.82,2.02,14979,-12.68,16.12
01-002,Budapest II.,40.48,49.8,51908,29.36,63.96,1.48,3.57,1.63,49647,-11.12,14.16
01-003,Budapest III.,39.83,48.81,75066,27.61,64.28,1.8,4.88,1.43,76701,-12.22,15.47
01-004,Budapest IV.,39.43,48.8,55843,27.38,64.07,2.39,4.86,1.3,57296,-12.05,15.27
01-005,Budapest V.,42.35,47.29,15819,34.25,58.66,1.55,4.0,1.54,11068,-8.1,11.37
01-006,Budapest VI.,38.53,49.8,15117,28.41,64.29,1.72,3.99,1.59,15374,-10.12,14.49
01-007,Budapest VII.,38.39,49.7,24912,28.36,64.04,1.53,4.21,1.86,21259,-10.03,14.34
01-008,Budapest VIII.,42.07,46.23,32814,30.75,61.69,1.53,4.27,1.77,29961,-11.32,15.46
01-009,Budapest IX.,38.85,49.45,26398,26.69,66.18,1.32,4.21,1.59,27127,-12.16,16.73
01-010,Budapest X.,42.56,46.03,37640,30.7,61.28,2.08,4.81,1.13,37549,-11.86,15.25
01-011,Budapest XI.,40.46,49.02,78481,28.22,64.33,1.61,4.23,1.61,80683,-12.24,15.31
01-012,Budapest XII.,41.04,47.9,36567,30.55,62.23,1.23,3.58,2.41,32977,-10.49,14.33
01-013,Budapest XIII.,33.35,55.8,65791,23.1,69.78,1.93,3.77,1.42,68081,-10.25,13.98
01-014,Budapest XIV.,37.24,51.56,65974,25.93,66.49,1.79,4.38,1.41,68121,-11.31,14.93
01-015,Budapest XV.,43.2,44.88,44194,30.4,60.39,2.41,5.43,1.37,44710,-12.8,15.51
01-016,Budapest XVI.,43.44,45.56,45189,30.76,61.59,1.48,4.93,1.24,45169,-12.68,16.03
01-017,Budapest XVII.,44.07,44.15,52522,30.91,60.98,1.62,5.42,1.06,55146,-13.16,16.83
01-018,Budapest XVIII.,43.77,44.55,58215,30.4,61.26,1.85,5.36,1.13,61391,-13.37,16.71
01-019,Budapest XIX.,41.8,46.52,31238,29.18,62.35,1.83,5.22,1.43,33056,-12.62,15.83
01-020,Budapest XX.,43.94,43.81,34486,31.56,60.39,1.74,5.13,1.17,35737,-12.38,16.58
01-021,Budapest XXI.,42.31,45.52,40790,29.32,61.99,1.73,5.79,1.16,41259,-12.99,16.47
01-022,Budapest XXII.,43.21,45.64,35080,30.78,60.97,1.54,5.27,1.43,34348,-12.43,15.33
01-023,Budapest XXIII.,45.3,41.85,12257,30.55,61.74,1.28,5.25,1.18,12987,-14.75,19.89
02-001,Abaliget,48.63,38.25,366,38.87,53.24,0.56,5.07,2.25,355,-9.76,14.99
02-002,Adorjás,84.15,13.41,82,62.79,33.72,0.0,3.49,0.0,86,-21.36,20.31
02-003,Almamellék,60.96,29.41,187,47.51,43.65,2.21,6.08,0.55,181,-13.45,14.24
02-004,Almáskeresztúr,53.33,33.33,45,47.73,47.73,0.0,4.55,0.0,44,-5.6,14.4
02-005,Alsómocsolád,72.0,12.67,150,51.01,38.93,1.34,6.04,2.68,149,-20.99,26.26
02-006,Alsószentmárton,93.09,6.14,521,59.78,38.91,0.87,0.22,0.22,460,-33.31,32.77
02-007,Apátvarasd,63.64,24.24,66,53.25,42.86,2.6,1.3,0.0,77,-10.39,18.62
02-008,Aranyosgadány,61.85,12.72,173,37.71,51.43,0.0,9.71,1.14,175,-24.14,38.71
02-009,Ág,71.43,24.49,98,53.61,44.33,2.06,0.0,0.0,97,-17.82,19.84
02-010,Áta,63.64,18.18,88,38.33,50.83,0.0,10.83,0.0,120,-25.31,32.65
02-011,Babarc,49.7,15.38,338,51.02,40.48,0.68,6.46,1.36,294,1.32,25.1
02-012,Babarcszőlős,75.0,17.86,56,54.0,40.0,2.0,4.0,0.0,50,-21.0,22.14
02-013,Bakonya,47.46,35.03,177,36.82,56.72,1.49,3.98,1.0,201,-10.64,21.69
02-014,Bakóca,85.05,11.21,107,68.46,30.77,0.0,0.77,0.0,130,-16.59,19.56
02-015,Baksa,59.11,30.3,406,34.95,57.8,0.44,5.93,0.88,455,-24.16,27.5
02-016,Baranyahídvég,85.19,8.64,81,60.22,37.63,0.0,2.15,0.0,93,-24.97,28.99
02-017,Baranyajenő,66.15,25.52,192,57.55,39.62,0.94,1.42,0.47,212,-8.6,14.1
02-018,Baranyaszentgyörgy,85.71,1.59,63,71.15,25.0,0.0,1.92,1.92,52,-14.56,23.41
02-019,Basal,56.19,31.43,105,39.2,55.2,1.6,4.0,0.0,125,-16.99,23.77
02-020,Bánfa,65.82,27.85,79,59.76,39.02,0.0,1.22,0.0,82,-6.06,11.17
02-021,Bár,49.02,27.45,306,38.68,46.86,1.89,11.64,0.94,318,-10.34,19.41
02-022,Belvárdgyula,67.86,19.9,196,46.6,45.63,0.97,5.83,0.97,206,-21.26,25.73
02-023,Beremend,53.75,37.93,1239,38.89,56.07,0.81,3.19,1.04,1350,-14.86,18.14
02-024,Berkesd,60.19,26.14,417,47.41,47.68,0.82,4.09,0.0,367,-12.78,21.54
02-025,Besence,74.0,18.0,50,47.37,49.12,0.0,3.51,0.0,57,-26.63,31.12
02-026,Bezedek,75.51,0.0,98,58.49,38.68,0.94,1.89,0.0,106,-17.02,38.68
02-027,Bicsérd,59.58,29.98,527,42.38,51.82,0.83,4.3,0.66,604,-17.2,21.84
02-028,Bikal,39.68,41.55,373,27.42,65.27,1.04,6.01,0.26,383,-12.26,23.72
02-029,Birján,45.97,32.89,298,35.82,56.72,0.9,4.48,2.09,335,-10.15,23.83
02-030,Bisse,67.83,25.22,115,47.59,44.14,0.69,6.21,1.38,145,-20.24,18.92
02-031,Boda,59.07,27.85,237,40.55,49.21,0.0,10.24,0.0,254,-18.52,21.36
02-032,Bodolyabér,68.32,24.75,101,48.94,46.81,1.06,3.19,0.0,94,-19.38,22.06
02-033,Bogád,49.92,37.02,597,34.76,58.62,0.83,5.38,0.41,725,-15.16,21.6
02-034,Bogádmindszent,68.57,19.05,210,44.35,53.04,0.43,1.74,0.43,230,-24.22,33.99
02-035,Bogdása,77.87,11.48,122,59.35,33.33,0.0,4.88,2.44,123,-18.52,21.85
02-036,Boldogasszonyfa,73.11,14.62,212,57.62,31.9,0.48,9.52,0.48,210,-15.49,17.28
02-037,Borjád,55.5,13.5,200,41.24,47.42,0.0,10.31,1.03,194,-14.26,33.92
02-038,Bosta,74.32,16.22,74,65.79,28.95,0.0,3.95,1.32,76,-8.53,12.73
02-039,Botykapeterd,69.43,14.65,157,48.52,43.2,0.59,5.92,1.78,169,-20.91,28.55
02-040,Bóly,47.62,29.9,1953,38.55,53.69,1.39,5.63,0.75,2008,-9.07,23.79
02-041,Bükkösd,58.71,23.86,482,42.88,51.91,0.87,3.82,0.52,576,-15.83,28.05
02-042,Bürüs,76.92,15.38,39,42.86,48.57,0.0,8.57,0.0,35,-34.06,33.19
02-043,Csarnóta,48.39,33.87,62,32.39,49.3,1.41,16.9,0.0,71,-16.0,15.43
02-044,Csányoszró,65.19,26.62,293,42.52,54.76,1.36,1.02,0.34,294,-22.67,28.14
02-045,Csebény,60.78,23.53,51,47.92,43.75,0.0,8.33,0.0,48,-12.86,20.22
02-046,Cserdi,65.56,25.83,151,45.59,46.32,2.94,5.15,0.0,136,-19.97,20.49
02-047,Cserkút,39.95,44.13,383,28.94,59.26,2.08,8.56,1.16,432,-11.01,15.13
02-048,Csertő,68.56,24.74,194,50.95,42.38,1.9,3.81,0.95,210,-17.61,17.64
02-049,Csonkamindszent,77.55,12.24,98,55.91,37.63,1.08,4.3,1.08,93,-21.64,25.39
02-050,Cún,88.17,7.53,93,46.94,48.98,0.0,3.06,1.02,98,-41.23,41.45
02-051,Dencsháza,74.18,18.85,244,42.86,53.78,0.84,1.68,0.84,238,-31.32,34.93
02-052,Dinnyeberki,74.19,19.35,31,51.28,46.15,0.0,2.56,0.0,39,-22.91,26.8
02-053,Diósviszló,72.05,19.57,322,54.35,41.14,1.2,2.7,0.6,333,-17.7,21.57
02-054,Drávacsehi,61.45,27.71,83,51.16,43.02,4.65,1.16,0.0,86,-10.29,15.31
02-055,Drávacsepely,70.43,19.13,115,57.72,33.33,0.81,8.13,0.0,123,-12.71,14.2
02-056,Drávafok,63.46,20.67,208,43.23,52.6,0.52,3.12,0.52,192,-20.23,31.93
02-057,Drávaiványi,90.91,7.95,88,72.0,25.33,0.0,2.67,0.0,75,-18.91,17.38
02-058,Drávakeresztúr,43.18,13.64,44,63.04,28.26,0.0,6.52,2.17,46,19.86,14.62
02-059,Drávapalkonya,64.46,23.97,121,48.0,46.4,1.6,3.2,0.8,125,-16.46,22.43
02-060,Drávapiski,85.29,11.76,34,56.6,43.4,0.0,0.0,0.0,53,-28.69,31.64
02-061,Drávaszabolcs,66.37,25.37,339,39.72,53.52,0.85,5.35,0.56,355,-26.65,28.15
02-062,Drávaszerdahely,57.89,30.53,95,41.18,45.1,0.0,13.73,0.0,102,-16.71,14.57
02-063,Drávasztára,68.57,17.71,175,55.95,39.29,0.6,4.17,0.0,168,-12.62,21.58
02-064,Dunaszekcső,58.22,22.81,833,51.13,42.7,0.83,4.86,0.47,843,-7.09,19.89
02-065,Egerág,50.93,33.33,540,35.47,54.25,1.28,8.19,0.8,623,-15.46,20.92
02-066,Egyházasharaszti,84.87,11.84,152,61.99,37.43,0.0,0.0,0.58,171,-22.88,25.59
02-067,Egyházaskozár,41.53,37.7,366,34.61,53.44,3.56,7.12,1.27,393,-6.92,15.74
02-068,Ellend,55.14,31.78,107,37.4,53.44,0.0,9.16,0.0,131,-17.74,21.66
02-069,Endrőc,75.0,20.24,168,47.88,46.67,0.61,4.24,0.61,165,-27.12,26.43
02-070,Erdősmárok,80.95,9.52,42,53.33,37.78,0.0,8.89,0.0,45,-27.62,28.26
02-071,Erdősmecske,69.14,15.43,175,64.88,31.55,0.0,3.57,0.0,168,-4.26,16.12
02-072,Erzsébet,56.03,21.99,141,31.54,59.73,0.0,8.05,0.67,149,-24.49,37.74
02-073,Fazekasboda,44.9,17.35,98,52.7,43.24,0.0,4.05,0.0,74,7.8,25.89
02-074,Feked,32.52,23.58,123,38.24,55.88,0.0,4.9,0.98,102,5.72,32.3
02-075,Felsőegerszeg,72.06,19.12,68,43.04,51.9,1.27,2.53,1.27,79,-29.02,32.78
02-076,Felsőszentmárton,49.64,17.9,419,55.9,35.9,0.77,6.92,0.51,390,6.26,18.0
02-077,Garé,53.9,35.06,154,44.1,50.26,1.03,3.59,1.03,195,-9.8,15.2
02-078,Gerde,70.32,22.37,219,46.28,47.52,0.0,6.2,0.0,242,-24.04,25.15
02-079,Geresdlak,59.17,21.45,387,48.36,45.63,1.09,4.37,0.55,366,-10.81,24.18
02-080,Gerényes,87.5,6.25,80,46.75,51.95,0.0,1.3,0.0,77,-40.75,45.7
02-081,Gilvánfa,91.67,4.55,132,65.48,34.52,0.0,0.0,0.0,84,-26.19,29.97
02-082,Gordisa,69.84,19.84,126,56.69,38.58,1.57,3.15,0.0,127,-13.15,18.74
02-083,Gödre,73.47,13.52,392,55.22,39.01,1.1,4.12,0.55,364,-18.25,25.49
02-084,Görcsöny,55.32,29.87,770,40.0,51.05,0.84,7.26,0.84,950,-15.32,21.18
02-085,Görcsönydoboka,36.69,27.81,169,41.07,48.81,0.0,9.52,0.6,168,4.38,21.0
02-086,Gyód,57.04,28.64,405,39.03,49.9,2.82,7.65,0.6,497,-18.01,21.26
02-087,Gyöngyfa,80.82,13.7,73,74.51,25.49,0.0,0.0,0.0,51,-6.31,11.79
02-088,Gyöngyösmellék,78.38,20.72,111,52.89,47.11,0.0,0.0,0.0,121,-25.49,26.39
02-089,Harkány,56.89,29.11,2635,38.97,52.19,1.01,7.05,0.79,3179,-17.92,23.08
02-090,Hásságy,41.67,17.22,180,40.28,50.69,0.0,8.33,0.69,144,-1.39,33.47
02-091,Hegyhátmaróc,51.39,33.33,72,37.84,43.24,2.7,14.86,1.35,74,-13.55,9.91
02-092,Hegyszentmárton,63.81,23.81,210,48.7,47.83,0.43,2.61,0.43,230,-15.11,24.02
02-093,Helesfa,62.42,24.16,149,40.57,52.57,1.71,4.57,0.57,175,-21.85,28.41
02-094,Hetvehely,60.0,20.42,240,43.92,49.02,1.18,5.1,0.78,255,-16.08,28.6
02-095,Hidas,57.52,26.33,1071,44.11,46.24,0.62,8.68,0.35,1129,-13.41,19.91
02-096,Himesháza,41.17,22.59,549,38.91,52.42,0.2,8.06,0.4,496,-2.26,29.83
02-097,Hirics,91.86,6.98,86,69.77,27.91,0.0,2.33,0.0,86,-22.09,20.93
02-098,Hobol,53.94,36.36,495,30.93,61.34,0.53,5.62,1.58,569,-23.01,24.98
02-099,Homorúd,73.02,11.51,278,52.65,34.58,0.93,11.21,0.62,321,-20.37,23.07
02-100,Horváthertelend,82.14,17.86,28,73.33,23.33,0.0,3.33,0.0,30,-8.81,5.47
02-101,Hosszúhetény,46.03,36.86,1888,32.28,58.08,0.96,7.72,0.96,2085,-13.75,21.22
02-102,Husztót,75.0,6.25,32,57.14,38.1,0.0,4.76,0.0,21,-17.86,31.85
02-103,Ibafa,75.27,19.35,93,48.98,44.9,1.02,5.1,0.0,98,-26.29,25.55
02-104,Illocska,71.93,19.3,114,53.97,42.06,0.79,3.17,0.0,126,-17.96,22.76
02-105,Ipacsfa,67.48,18.7,123,54.41,38.24,0.74,6.62,0.0,136,-13.07,19.54
02-106,Ivánbattyán,50.79,15.87,63,54.0,42.0,2.0,0.0,2.0,50,3.21,26.13
02-107,Ivándárda,48.41,30.95,126,35.29,62.18,1.68,0.84,0.0,119,-13.12,31.23
02-108,Kacsóta,68.66,24.63,134,33.33,58.33,0.76,6.06,1.52,132,-35.33,33.7
02-109,Katádfa,76.81,14.49,69,60.0,31.25,0.0,6.25,2.5,80,-16.81,16.76
02-110,Kákics,83.33,7.78,90,58.33,37.96,0.93,1.85,0.93,108,-25.0,30.18
02-111,Kárász,52.27,32.95,176,38.12,53.04,1.66,7.18,0.0,181,-14.15,20.09
02-112,Kásád,68.49,21.23,146,52.94,36.76,1.47,7.35,1.47,136,-15.55,15.53
02-113,Kátoly,48.47,19.63,163,45.27,47.97,0.68,6.08,0.0,148,-3.2,28.34
02-114,Kemse,83.33,13.89,36,58.54,39.02,0.0,2.44,0.0,41,-24.79,25.13
02-115,Keszü,39.65,42.01,807,29.5,62.58,1.63,5.97,0.33,922,-10.15,20.57
02-116,Kékesd,61.22,17.35,98,50.49,40.78,0.97,4.85,2.91,103,-10.73,23.43
02-117,Kémes,58.73,32.14,252,45.99,48.18,0.0,5.84,0.0,274,-12.74,16.04
02-118,Kétújfalu,61.89,30.49,328,44.79,50.42,0.85,3.38,0.56,355,-17.1,19.93
02-119,Királyegyháza,68.8,23.02,391,44.65,48.01,1.05,5.87,0.42,477,-24.15,24.99
02-120,Kisasszonyfa,72.82,20.39,103,51.58,44.21,0.0,4.21,0.0,95,-21.24,23.82
02-121,Kisbeszterce,66.67,26.19,42,45.65,50.0,0.0,4.35,0.0,46,-21.02,23.81
02-122,Kisbudmér,80.85,10.64,47,45.24,52.38,0.0,2.38,0.0,42,-35.61,41.74
02-123,Kisdér,70.97,16.13,62,44.87,46.15,0.0,7.69,1.28,78,-26.1,30.02
02-124,Kisdobsza,75.21,16.24,117,58.14,37.98,0.0,3.1,0.78,129,-17.07,21.74
02-125,Kishajmás,73.17,23.17,82,45.45,47.73,2.27,4.55,0.0,88,-27.72,24.56
02-126,Kisharsány,63.95,27.9,233,43.77,51.6,0.71,3.91,0.0,281,-20.18,23.7
02-127,Kisherend,72.57,19.47,113,51.54,39.23,0.0,8.46,0.77,130,-21.03,19.76
02-128,Kisjakabfalva,75.0,16.67,48,57.78,42.22,0.0,0.0,0.0,45,-17.22,25.55
02-129,Kiskassa,49.22,28.12,128,41.6,49.6,1.6,7.2,0.0,125,-7.62,21.48
02-130,Kislippó,55.24,37.76,143,35.76,58.28,3.31,2.65,0.0,151,-19.48,20.52
02-131,Kisnyárád,36.59,13.41,82,34.92,50.79,0.0,11.11,3.17,63,-1.67,37.38
02-132,Kisszentmárton,84.82,11.61,112,63.46,31.73,0.0,3.85,0.96,104,-21.36,20.12
02-133,Kistamási,95.45,4.55,44,69.39,26.53,0.0,4.08,0.0,49,-26.06,21.98
02-134,Kistapolca,69.07,22.68,97,47.2,48.8,0.0,2.4,1.6,125,-21.87,26.12
02-135,Kistótfalu,56.49,28.57,154,41.24,51.03,1.03,6.7,0.0,194,-15.25,22.46
02-136,Kisvaszar,83.19,10.92,119,60.68,34.19,0.0,3.42,1.71,117,-22.51,23.27
02-137,Komló,45.52,41.92,11405,31.47,60.52,2.37,5.05,0.59,13016,-14.05,18.6
02-138,Kovácshida,70.77,22.31,130,48.12,45.11,1.5,4.51,0.75,133,-22.65,22.8
02-139,Kovácsszénája,65.0,27.5,40,35.14,59.46,0.0,5.41,0.0,37,-29.86,31.96
02-140,Kozármisleny,44.71,40.02,3753,30.3,62.8,1.16,5.19,0.54,4237,-14.41,22.78
02-141,Kórós,87.21,6.98,86,63.29,32.91,0.0,2.53,1.27,79,-23.92,25.93
02-142,Köblény,65.62,23.96,96,48.15,40.74,1.85,8.33,0.93,108,-17.47,16.78
02-143,Kökény,41.19,36.79,386,24.58,66.99,1.69,6.02,0.72,415,-16.61,30.2
02-144,Kölked,73.35,16.63,439,59.34,34.29,0.62,5.34,0.41,487,-14.01,17.66
02-145,Kővágószőlős,57.21,33.78,666,34.7,59.29,0.68,4.78,0.55,732,-22.51,25.51
02-146,Kővágótöttös,64.37,27.01,174,46.11,46.63,2.07,5.18,0.0,193,-18.26,19.62
02-147,Lapáncsa,87.5,7.29,96,53.33,38.1,0.0,8.57,0.0,105,-34.17,30.81
02-148,Lánycsók,57.51,23.23,1339,46.11,43.18,0.93,9.41,0.39,1297,-11.4,19.95
02-149,Liget,51.04,32.29,192,35.45,57.67,0.53,4.23,2.12,189,-15.59,25.38
02-150,Lippó,40.55,21.65,254,40.19,55.14,0.47,3.27,0.93,214,-0.36,33.49
02-151,Liptód,41.57,10.11,89,58.49,33.96,0.0,7.55,0.0,53,16.92,23.85
02-152,Lothárd,48.09,34.35,131,40.85,53.05,1.83,4.27,0.0,164,-7.24,18.7
02-153,Lovászhetény,61.72,25.78,128,46.41,45.1,0.0,8.5,0.0,153,-15.31,19.32
02-154,Lúzsok,87.5,11.36,88,66.0,33.0,0.0,1.0,0.0,100,-21.5,21.64
02-155,Magyarbóly,69.13,17.61,460,51.58,40.12,1.38,6.52,0.4,506,-17.55,22.51
02-156,Magyaregregy,48.83,29.61,385,37.76,53.06,1.28,7.4,0.51,392,-11.07,23.45
02-157,Magyarhertelend,44.99,37.25,349,31.55,62.82,1.13,4.23,0.28,355,-13.44,25.57
02-158,Magyarlukafa,71.11,15.56,45,58.54,39.02,0.0,2.44,0.0,41,-12.57,23.46
02-159,Magyarmecske,77.22,19.62,158,64.74,35.26,0.0,0.0,0.0,156,-12.48,15.64
02-160,Magyarsarlós,61.93,19.89,176,37.56,49.75,0.51,11.68,0.51,197,-24.37,29.86
02-161,Magyarszék,50.27,32.8,561,45.45,46.89,1.12,6.22,0.32,627,-4.82,14.09
02-162,Magyartelek,70.87,18.45,103,59.76,31.71,0.0,8.54,0.0,82,-11.11,13.26
02-163,Majs,55.6,24.95,473,42.86,50.0,0.99,5.75,0.4,504,-12.74,25.05
02-164,Maráza,40.48,20.24,84,57.14,34.92,1.59,4.76,1.59,63,16.66,14.68
02-165,Markóc,75.0,12.5,32,56.67,33.33,0.0,3.33,6.67,30,-18.33,20.83
02-166,Marócsa,87.23,10.64,47,71.43,19.05,2.38,7.14,0.0,42,-15.8,8.41
02-167,Martonfa,43.62,32.89,149,35.98,51.22,1.22,10.98,0.61,164,-7.64,18.33
02-168,Matty,79.14,12.27,163,54.65,37.79,1.16,6.4,0.0,172,-24.49,25.52
02-169,Mágocs,53.73,34.58,1154,43.1,49.96,1.39,5.31,0.24,1225,-10.63,15.38
02-170,Mánfa,45.84,41.57,421,33.13,59.84,1.61,4.82,0.6,498,-12.71,18.27
02-171,Márfa,60.75,26.17,107,41.28,53.21,0.92,4.59,0.0,109,-19.47,27.04
02-172,Máriakéménd,56.11,24.89,221,47.01,42.23,0.8,8.37,1.59,251,-9.1,17.34
02-173,Márok,57.6,12.0,250,56.19,39.82,0.0,3.98,0.0,226,-1.41,27.82
02-174,Máza,44.16,34.36,582,34.04,61.35,0.71,3.72,0.18,564,-10.12,26.99
02-175,Mecseknádasd,42.06,24.88,856,39.79,51.57,0.92,7.33,0.39,764,-2.27,26.69
02-176,Mecsekpölöske,55.98,31.1,209,44.92,49.22,1.95,3.52,0.39,256,-11.06,18.12
02-177,Mekényes,53.08,34.62,130,37.33,54.67,1.33,6.0,0.67,150,-15.75,20.05
02-178,Merenye,76.12,17.91,134,63.16,32.33,0.75,3.76,0.0,133,-12.96,14.42
02-179,Meződ,54.24,28.81,59,28.17,63.38,2.82,5.63,0.0,71,-26.07,34.57
02-180,Mindszentgodisa,66.93,23.47,375,51.07,43.43,1.22,3.67,0.61,327,-15.86,19.96
02-181,Mohács,54.51,30.56,10810,42.32,49.08,0.72,7.29,0.59,9662,-12.19,18.52
02-182,Molvány,62.22,24.44,90,48.28,44.83,0.0,6.9,0.0,87,-13.94,20.39
02-183,Monyoród,47.47,28.28,99,39.62,48.11,0.94,9.43,1.89,106,-7.85,19.83
02-184,Mozsgó,63.29,23.54,395,47.72,45.21,0.68,5.71,0.68,438,-15.57,21.67
02-185,Nagybudmér,64.81,7.41,108,65.22,31.52,0.0,3.26,0.0,92,0.41,24.11
02-186,Nagycsány,46.48,49.3,71,27.27,70.13,0.0,2.6,0.0,77,-19.21,20.83
02-187,Nagydobsza,67.25,21.83,229,45.73,48.81,0.0,5.46,0.0,293,-21.52,26.98
02-188,Nagyhajmás,54.81,18.52,135,42.06,47.62,0.0,10.32,0.0,126,-12.75,29.1
02-189,Nagyharsány,65.27,25.62,691,45.91,49.53,0.81,3.09,0.67,745,-19.36,23.91
02-190,Nagykozár,42.94,35.76,1183,31.77,63.05,0.32,4.46,0.41,1234,-11.17,27.29
02-191,Nagynyárád,61.71,16.83,410,52.47,41.56,1.04,3.9,1.04,385,-9.24,24.73
02-192,Nagypall,64.62,17.44,195,50.0,42.99,0.93,4.67,1.4,214,-14.62,25.55
02-193,Nagypeterd,46.36,39.94,343,36.02,53.4,2.02,7.81,0.76,397,-10.34,13.46
02-194,Nagytótfalu,72.16,23.86,176,52.43,43.69,0.49,2.43,0.97,206,-19.73,19.83
02-195,Nagyváty,78.02,14.84,182,65.06,28.92,0.0,4.82,1.2,166,-12.96,14.08
02-196,Nemeske,69.53,24.22,128,44.36,48.87,0.75,5.26,0.75,133,-25.17,24.65
02-197,Nyugotszenterzsébet,51.96,39.22,102,28.95,64.91,0.0,5.26,0.88,114,-23.01,25.69
02-198,Okorág,80.33,16.39,61,60.29,35.29,1.47,2.94,0.0,68,-20.04,18.9
02-199,Okorvölgy,72.73,20.45,44,43.59,48.72,0.0,2.56,5.13,39,-29.14,28.27
02-200,Olasz,47.75,30.93,333,42.27,50.55,1.38,4.7,1.1,362,-5.48,19.62
02-201,Old,92.41,5.52,145,68.49,28.77,0.0,0.0,2.74,73,-23.92,23.25
02-202,Orfű,43.61,44.26,610,30.39,61.04,1.74,6.02,0.8,747,-13.22,16.78
02-203,Oroszló,56.13,32.26,155,35.19,60.49,0.0,4.32,0.0,162,-20.94,28.23
02-204,Óbánya,32.88,26.03,73,42.59,48.15,0.0,9.26,0.0,54,9.71,22.12
02-205,Ócsárd,57.14,29.56,203,42.66,47.25,0.46,8.72,0.92,218,-14.48,17.69
02-206,Ófalu,41.67,13.43,216,49.32,41.1,1.37,7.53,0.68,146,7.65,27.67
02-207,Ózdfalu,64.94,27.27,77,45.12,53.66,1.22,0.0,0.0,82,-19.82,26.39
02-208,Palé,64.58,22.92,48,52.27,36.36,4.55,6.82,0.0,44,-12.31,13.44
02-209,Palkonya,45.0,23.57,140,41.3,48.55,0.0,9.42,0.72,138,-3.7,24.98
02-210,Palotabozsok,63.17,18.11,486,54.35,37.83,0.87,6.52,0.43,460,-8.82,19.72
02-211,Patapoklosi,78.81,17.88,151,62.75,35.95,1.31,0.0,0.0,153,-16.06,18.07
02-212,Páprád,66.67,15.74,108,57.73,34.02,0.0,8.25,0.0,97,-8.94,18.28
02-213,Pellérd,42.62,43.15,1328,29.44,61.04,1.69,7.43,0.41,1481,-13.18,17.89
02-214,Pereked,46.94,11.22,98,50.54,44.09,0.0,4.3,1.08,93,3.6,32.87
02-215,Peterd,66.39,24.37,119,51.15,40.46,0.0,7.63,0.76,131,-15.24,16.09
02-216,Pettend,85.29,5.88,68,73.85,24.62,0.0,1.54,0.0,65,-11.44,18.74
02-217,Pécs,41.98,44.73,79670,30.34,61.85,1.75,5.13,0.93,78413,-11.64,17.12
02-218,Pécsbagota,64.71,19.61,51,48.21,46.43,0.0,5.36,0.0,56,-16.5,26.82
02-219,Pécsdevecser,18.75,25.0,48,26.32,65.79,0.0,7.89,0.0,38,7.57,40.79
02-220,Pécsudvard,44.91,36.5,452,27.86,65.84,0.95,4.77,0.57,524,-17.05,29.34
02-221,Pécsvárad,54.54,28.13,2215,41.63,49.72,1.48,6.36,0.81,2359,-12.91,21.59
02-222,Piskó,99.26,0.0,136,87.4,12.6,0.0,0.0,0.0,127,-11.86,12.6
02-223,Pogány,41.64,38.27,742,31.73,60.02,0.37,6.64,1.23,813,-9.91,21.75
02-224,Pócsa,25.29,11.49,87,36.67,51.67,3.33,8.33,0.0,60,11.38,40.18
02-225,Rádfalva,72.17,15.65,115,53.47,42.57,0.99,2.97,0.0,101,-18.7,26.92
02-226,Regenye,57.97,27.54,69,41.18,44.12,1.47,13.24,0.0,68,-16.79,16.58
02-227,Romonya,43.69,27.69,325,33.33,57.1,2.32,5.8,1.45,345,-10.36,29.41
02-228,Rózsafa,59.74,32.47,154,39.13,54.35,2.17,3.26,1.09,184,-20.61,21.88
02-229,Sámod,80.17,15.52,116,71.7,28.3,0.0,0.0,0.0,106,-8.47,12.78
02-230,Sárok,47.37,19.3,57,43.18,47.73,2.27,4.55,2.27,44,-4.19,28.43
02-231,Sásd,56.69,32.81,1533,40.56,51.48,1.84,5.58,0.53,1684,-16.13,18.67
02-232,Sátorhely,61.05,24.71,344,46.7,43.27,0.26,9.5,0.26,379,-14.35,18.56
02-233,Sellye,53.18,36.04,1307,40.01,52.99,2.08,4.37,0.54,1487,-13.17,16.95
02-234,Siklós,53.53,35.84,4777,36.5,57.05,1.09,4.87,0.51,5343,-17.03,21.21
02-235,Siklósbodony,92.42,6.06,66,60.0,40.0,0.0,0.0,0.0,80,-32.42,33.94
02-236,Siklósnagyfalu,92.22,4.79,167,71.71,28.29,0.0,0.0,0.0,152,-20.51,23.5
02-237,Somberek,54.43,20.69,812,49.08,40.92,1.45,8.03,0.53,760,-5.35,20.23
02-238,Somogyapáti,57.73,35.45,220,45.33,45.79,1.4,7.01,0.47,214,-12.4,10.34
02-239,Somogyhatvan,62.77,33.58,137,45.57,49.37,2.53,1.9,0.63,158,-17.2,15.79
02-240,Somogyhárságy,62.89,21.13,194,52.55,41.84,0.0,5.1,0.51,196,-10.34,20.71
02-241,Somogyviszló,75.56,21.11,90,54.62,36.13,1.68,6.72,0.84,119,-20.94,15.02
02-242,Sósvertike,79.78,16.85,89,64.79,35.21,0.0,0.0,0.0,71,-14.99,18.36
02-243,Sumony,87.5,10.0,200,73.1,25.38,0.0,1.52,0.0,197,-14.4,15.38
02-244,Szabadszentkirály,61.19,28.33,420,42.76,50.0,0.88,5.7,0.66,456,-18.43,21.67
02-245,Szajk,52.46,19.27,467,46.36,45.68,0.91,7.05,0.0,440,-6.1,26.41
02-246,Szalatnak,50.68,23.65,148,41.8,54.92,0.0,2.46,0.82,122,-8.88,31.27
02-247,Szalánta,55.16,26.41,640,38.6,53.29,1.4,6.01,0.7,715,-16.56,26.88
02-248,Szaporca,76.86,14.05,121,47.5,44.17,2.5,5.0,0.83,120,-29.36,30.12
02-249,Szava,77.62,11.19,143,51.81,39.76,1.2,6.02,1.2,166,-25.81,28.57
02-250,Szágy,84.38,4.69,64,60.0,40.0,0.0,0.0,0.0,70,-24.38,35.31
02-251,Szárász,25.0,50.0,24,40.0,50.0,0.0,10.0,0.0,20,15.0,0.0
02-252,Szászvár,44.6,41.11,1148,29.95,61.46,1.78,6.42,0.39,1292,-14.65,20.35
02-253,Szebény,69.41,18.82,170,53.67,38.98,0.56,6.78,0.0,177,-15.74,20.16
02-254,Szederkény,52.2,24.29,910,39.75,53.07,0.2,6.45,0.51,976,-12.45,28.78
02-255,Szellő,62.96,18.52,54,43.55,48.39,0.0,8.06,0.0,62,-19.41,29.87
02-256,Szemely,50.0,34.51,226,31.7,61.44,1.31,4.9,0.65,306,-18.3,26.93
02-257,Szentdénes,80.42,16.78,143,54.55,43.64,0.0,1.82,0.0,165,-25.87,26.86
02-258,Szentegát,71.51,24.42,172,51.16,47.09,1.16,0.58,0.0,172,-20.35,22.67
02-259,Szentkatalin,65.31,18.37,49,50.0,32.69,1.92,15.38,0.0,52,-15.31,14.32
02-260,Szentlászló,56.07,30.49,387,40.88,48.73,1.62,8.55,0.23,433,-15.19,18.24
02-261,Szentlőrinc,55.67,31.28,3366,38.86,52.83,1.47,5.96,0.89,3608,-16.81,21.55
02-262,Székelyszabar,44.73,16.36,275,42.91,47.77,0.81,8.1,0.4,247,-1.82,31.41
02-263,Szigetvár,46.73,42.25,6623,35.73,57.37,1.45,5.04,0.42,5043,-11.0,15.12
02-264,Szilágy,58.6,21.66,157,37.88,53.79,0.0,8.33,0.0,132,-20.72,32.13
02-265,Szilvás,61.33,21.33,75,50.0,46.43,0.0,3.57,0.0,84,-11.33,25.1
02-266,Szörény,61.54,30.77,39,44.74,50.0,0.0,5.26,0.0,38,-16.8,19.23
02-267,Szőke,82.76,10.34,58,56.34,38.03,0.0,5.63,0.0,71,-26.42,27.69
02-268,Szőkéd,55.11,30.68,176,40.51,53.33,0.51,5.64,0.0,195,-14.6,22.65
02-269,Szulimán,65.79,21.05,114,42.42,46.21,1.52,9.85,0.0,132,-23.37,25.16
02-270,Szűr,27.78,10.32,126,29.21,61.8,0.0,8.99,0.0,89,1.43,51.48
02-271,Tarrós,70.45,22.73,44,57.14,35.71,0.0,7.14,0.0,56,-13.31,12.98
02-272,Teklafalu,71.09,21.88,128,50.41,42.28,2.44,4.88,0.0,123,-20.68,20.4
02-273,Tengeri,59.46,32.43,37,40.0,54.29,2.86,2.86,0.0,35,-19.46,21.86
02-274,Tékes,74.77,16.82,107,55.67,37.11,5.15,2.06,0.0,97,-19.1,20.29
02-275,Tésenfa,73.03,20.22,89,60.26,30.77,1.28,5.13,2.56,78,-12.77,10.55
02-276,Téseny,75.0,16.13,124,49.55,45.05,0.0,5.41,0.0,111,-25.45,28.92
02-277,Tormás,65.81,21.37,117,57.35,37.5,0.74,4.41,0.0,136,-8.46,16.13
02-278,Tófű,68.12,23.19,69,45.31,46.88,0.0,7.81,0.0,64,-22.81,23.69
02-279,Tótszentgyörgy,67.47,18.07,83,52.13,38.3,2.13,5.32,2.13,94,-15.34,20.23
02-280,Töttös,73.39,16.74,233,56.36,36.43,0.69,6.53,0.0,291,-17.03,19.69
02-281,Túrony,50.75,41.04,134,40.0,49.03,7.74,1.94,1.29,155,-10.75,7.99
02-282,Udvar,57.89,18.42,76,60.56,33.8,1.41,4.23,0.0,71,2.67,15.38
02-283,Újpetre,47.6,24.84,479,34.29,59.05,0.38,5.33,0.95,525,-13.31,34.21
02-284,Vajszló,65.83,26.06,875,45.46,47.57,1.16,5.38,0.42,948,-20.37,21.51
02-285,Varga,84.0,12.0,50,66.67,26.67,0.0,6.67,0.0,45,-17.33,14.67
02-286,Várad,65.52,24.14,58,41.33,57.33,0.0,1.33,0.0,75,-24.19,33.19
02-287,Vásárosbéc,55.21,28.12,96,34.58,57.94,0.0,6.54,0.93,107,-20.63,29.82
02-288,Vásárosdombó,62.13,27.41,478,49.0,45.55,0.91,3.81,0.73,551,-13.13,18.14
02-289,Vázsnok,70.0,25.0,60,53.03,37.88,1.52,6.06,1.52,66,-16.97,12.88
02-290,Vejti,76.67,13.33,90,60.92,31.03,1.15,5.75,1.15,87,-15.75,17.7
02-291,Velény,59.32,37.29,59,25.76,68.18,0.0,6.06,0.0,66,-33.56,30.89
02-292,Versend,77.78,12.96,378,66.2,29.61,2.79,1.4,0.0,358,-11.58,16.65
02-293,Vékény,56.96,30.38,79,39.13,51.09,0.0,7.61,2.17,92,-17.83,20.71
02-294,Véménd,49.36,15.76,628,48.95,41.42,1.05,8.37,0.21,478,-0.41,25.66
02-295,Villány,60.19,23.01,1256,44.43,49.41,0.32,5.61,0.24,1265,-15.76,26.4
02-296,Villánykövesd,62.67,20.0,150,47.66,39.84,0.0,10.16,2.34,128,-15.01,19.84
02-297,Vokány,55.06,19.26,405,43.17,49.27,0.98,5.61,0.98,410,-11.89,30.01
02-298,Zaláta,77.95,14.17,127,66.0,32.0,0.0,1.0,1.0,100,-11.95,17.83
02-299,Zádor,61.74,30.2,149,47.26,50.0,0.0,2.74,0.0,146,-14.48,19.8
02-300,Zengővárkony,56.98,15.47,265,52.67,40.33,0.82,5.76,0.41,243,-4.31,24.86
02-301,Zók,61.87,25.18,139,41.72,48.47,3.68,6.13,0.0,163,-20.15,23.29
03-001,Akasztó,68.86,19.97,1843,46.66,44.21,0.8,7.83,0.5,2004,-22.2,24.24
03-002,Apostag,55.55,29.48,1055,36.69,51.74,1.03,9.83,0.71,1262,-18.86,22.26
03-003,Ágasegyháza,67.04,20.37,977,47.14,40.89,0.54,11.07,0.36,1120,-19.9,20.52
03-004,Baja,50.1,37.57,20744,35.28,56.82,1.16,6.15,0.58,20138,-14.82,19.25
03-005,Ballószög,55.35,28.18,2186,34.19,55.79,0.9,8.48,0.64,2676,-21.16,27.61
03-006,Balotaszállás,67.74,19.2,651,48.01,41.91,0.8,9.28,0.0,754,-19.73,22.71
03-007,Bácsalmás,51.07,35.09,3004,34.55,55.89,2.78,6.16,0.62,3233,-16.52,20.8
03-008,Bácsbokod,53.65,28.29,1163,41.15,50.0,1.19,7.07,0.6,1344,-12.5,21.71
03-009,Bácsborsód,62.77,22.57,505,45.71,46.07,1.07,6.07,1.07,560,-17.06,23.5
03-010,Bácsszentgyörgy,65.48,19.05,84,51.81,33.73,2.41,12.05,0.0,83,-13.67,14.68
03-011,Bácsszőlős,60.99,16.31,141,45.83,45.83,0.0,7.74,0.6,168,-15.16,29.52
03-012,Bátmonostor,67.43,21.29,789,43.78,47.4,0.23,8.14,0.45,884,-23.65,26.11
03-013,Bátya,59.52,31.44,1040,40.52,53.33,1.3,4.33,0.52,1155,-19.0,21.89
03-014,Borota,59.19,24.96,593,39.65,49.13,1.6,9.33,0.29,686,-19.54,24.17
03-015,Bócsa,63.45,19.7,944,40.54,49.02,1.03,8.48,0.93,1073,-22.91,29.32
03-016,Bugac,67.82,20.14,1420,45.23,43.84,0.51,9.73,0.69,1583,-22.59,23.7
03-017,Bugacpusztaháza,78.83,13.14,137,57.62,37.09,0.66,4.64,0.0,151,-21.21,23.95
03-018,Császártöltés,47.03,27.46,1180,38.9,53.25,1.17,6.41,0.27,1108,-8.13,25.79
03-019,Csátalja,64.62,21.54,715,50.36,41.23,1.43,6.56,0.43,701,-14.26,19.69
03-020,Csávoly,62.08,24.4,836,42.75,47.84,1.08,8.23,0.11,924,-19.33,23.44
03-021,Csengőd,70.79,16.49,1116,54.63,35.04,0.58,9.34,0.41,1210,-16.16,18.55
03-022,Csikéria,63.92,23.01,352,42.93,45.65,1.36,9.78,0.27,368,-20.99,22.64
03-023,Csólyospálos,71.26,15.31,849,44.54,42.56,0.52,11.34,1.04,961,-26.72,27.25
03-024,Dávod,64.24,23.88,892,49.4,41.06,0.8,8.33,0.4,996,-14.84,17.18
03-025,Drágszél,67.28,24.69,162,55.1,34.69,2.04,7.48,0.68,147,-12.18,10.0
03-026,Dunaegyháza,51.5,34.62,699,32.43,61.3,0.71,5.21,0.36,845,-19.07,26.68
03-027,Dunafalva,67.16,21.4,472,54.66,36.44,0.2,8.1,0.61,494,-12.5,15.04
03-028,Dunapataj,56.47,33.31,1645,39.24,53.71,1.19,5.04,0.81,1845,-17.23,20.4
03-029,Dunaszentbenedek,68.45,18.72,374,48.12,41.85,1.5,8.02,0.5,399,-20.33,23.13
03-030,Dunatetétlen,53.31,40.77,287,51.79,39.58,0.0,8.33,0.3,336,-1.52,-1.19
03-031,Dunavecse,60.77,28.57,1820,44.25,48.22,1.68,5.1,0.75,2138,-16.52,19.65
03-032,Dusnok,68.68,16.88,1641,47.06,41.56,0.51,10.65,0.23,1766,-21.62,24.68
03-033,Érsekcsanád,62.18,22.93,1404,43.99,45.06,0.57,9.81,0.57,1580,-18.19,22.13
03-034,Érsekhalma,50.86,32.3,291,33.33,56.27,1.83,7.34,1.22,327,-17.53,23.97
03-035,Fajsz,62.73,26.3,829,44.5,46.7,1.16,7.3,0.35,863,-18.23,20.4
03-036,Felsőlajos,67.62,19.62,525,46.13,43.27,0.84,9.09,0.67,594,-21.49,23.65
03-037,Felsőszentiván,56.28,31.7,940,41.05,51.39,1.05,6.22,0.29,1045,-15.23,19.69
03-038,Foktő,57.55,29.45,815,33.57,57.23,1.52,6.99,0.7,858,-23.98,27.78
03-039,Fülöpháza,62.03,27.59,482,40.22,50.46,0.37,7.68,1.28,547,-21.81,22.87
03-040,Fülöpjakab,64.11,20.25,652,44.76,46.48,0.86,7.32,0.57,697,-19.35,26.23
03-041,Fülöpszállás,68.73,19.01,1068,47.89,43.82,0.98,6.83,0.49,1230,-20.84,24.81
03-042,Gara,57.5,24.8,887,43.96,47.72,1.09,6.53,0.69,1010,-13.54,22.92
03-043,Gátér,64.96,23.03,508,41.14,50.63,0.36,6.98,0.89,559,-23.82,27.6
03-044,Géderlak,60.57,28.86,492,40.07,53.49,0.92,5.15,0.37,544,-20.5,24.63
03-045,Hajós,50.33,28.26,1532,37.94,54.42,0.3,6.85,0.48,1650,-12.39,26.16
03-046,Harkakötöny,64.18,20.47,469,46.37,40.08,1.38,11.2,0.98,509,-17.81,19.61
03-047,Harta,43.1,38.01,1905,33.74,59.53,2.05,4.47,0.21,1947,-9.36,21.52
03-048,Helvécia,58.41,27.82,2534,38.31,51.87,0.66,7.78,1.38,3187,-20.1,24.05
03-049,Hercegszántó,60.09,23.86,922,45.69,46.0,0.1,7.48,0.73,963,-14.4,22.14
03-050,Homokmégy,55.56,29.33,675,37.76,53.12,2.47,5.86,0.78,768,-17.8,23.79
03-051,Imrehegy,72.78,15.9,327,53.24,35.0,0.59,11.18,0.0,340,-19.54,19.1
03-052,Izsák,69.17,17.83,2877,47.55,43.93,0.52,7.05,0.94,3289,-21.62,26.1
03-053,Jakabszállás,66.14,22.97,1450,44.8,45.27,0.59,8.1,1.23,1703,-21.34,22.3
03-054,Jánoshalma,54.52,30.55,3931,37.43,53.13,0.91,8.21,0.31,4483,-17.09,22.58
03-055,Jászszentlászló,64.03,23.73,1340,42.04,48.31,0.99,8.0,0.66,1513,-21.99,24.58
03-056,Kalocsa,43.74,44.9,10227,29.49,62.49,2.58,4.93,0.51,9001,-14.25,17.59
03-057,Kaskantyú,76.58,16.12,521,54.28,38.43,0.73,6.01,0.55,549,-22.3,22.31
03-058,Katymár,62.52,25.55,771,50.25,43.02,1.27,5.08,0.38,788,-12.27,17.47
03-059,Kecel,64.01,23.19,4373,44.64,46.09,0.46,8.26,0.55,4554,-19.37,22.9
03-060,Kecskemét,49.27,37.16,61212,33.41,58.37,1.0,6.19,1.02,63990,-15.86,21.21
03-061,Kelebia,60.66,22.44,1154,43.37,43.53,0.69,12.02,0.39,1298,-17.29,21.09
03-062,Kerekegyháza,65.47,21.97,3391,43.63,46.82,0.57,8.24,0.75,3883,-21.84,24.85
03-063,Kéleshalom,54.87,22.56,195,41.23,45.97,0.95,9.95,1.9,211,-13.64,23.41
03-064,Kiskőrös,66.13,21.86,7986,48.85,42.3,0.98,7.35,0.52,8405,-17.28,20.44
03-065,Kiskunfélegyháza,54.21,32.11,16943,37.22,55.31,0.97,5.73,0.77,17130,-16.99,23.2
03-066,Kiskunhalas,53.55,32.33,15263,37.44,52.02,1.32,8.75,0.48,14277,-16.11,19.69
03-067,Kiskunmajsa,63.25,24.02,5532,44.24,47.49,0.9,6.82,0.55,6010,-19.01,23.47
03-068,Kisszállás,63.94,22.07,1151,44.64,41.88,1.53,11.26,0.69,1306,-19.3,19.81
03-069,Kömpöc,75.32,15.52,393,52.26,37.29,1.19,9.26,0.0,421,-23.06,21.77
03-070,Kunadacs,75.32,15.58,693,53.37,38.07,1.08,7.35,0.12,830,-21.95,22.49
03-071,Kunbaja,59.56,29.05,685,43.53,49.86,1.15,5.32,0.14,696,-16.03,20.81
03-072,Kunbaracs,72.19,17.75,338,49.38,41.15,0.5,8.23,0.75,401,-22.81,23.4
03-073,Kunfehértó,50.41,32.95,1226,33.17,54.92,1.44,9.69,0.79,1393,-17.24,21.97
03-074,Kunpeszér,65.99,22.34,394,45.36,45.36,1.01,8.06,0.2,496,-20.63,23.02
03-075,Kunszállás,61.9,25.1,992,38.03,53.45,0.36,7.71,0.45,1115,-23.87,28.35
03-076,Kunszentmiklós,71.09,18.77,4497,53.08,38.92,0.9,6.66,0.44,4789,-18.01,20.15
03-077,Ladánybene,69.86,19.98,856,47.28,43.04,0.6,8.17,0.91,992,-22.58,23.06
03-078,Lajosmizse,65.6,21.13,5787,45.32,44.86,0.46,8.23,1.13,6525,-20.28,23.73
03-079,Lakitelek,63.31,24.6,2565,42.97,48.2,1.03,6.96,0.83,3002,-20.34,23.6
03-080,Madaras,60.94,26.81,1216,41.71,50.68,0.93,6.1,0.57,1393,-19.23,23.87
03-081,Mátételke,72.03,18.22,236,54.55,35.54,0.41,8.26,1.24,242,-17.48,17.32
03-082,Mélykút,57.52,26.69,2319,38.96,51.18,0.63,8.56,0.67,2546,-18.56,24.49
03-083,Miske,57.6,30.02,816,48.63,44.46,1.43,5.01,0.48,839,-8.97,14.44
03-084,Móricgát,73.02,17.86,252,45.04,42.37,0.76,10.69,1.15,262,-27.98,24.51
03-085,Nagybaracska,68.94,20.67,1011,49.74,42.43,0.7,6.96,0.17,1150,-19.2,21.76
03-086,Nemesnádudvar,46.79,19.05,840,41.85,51.46,0.24,6.08,0.36,822,-4.94,32.41
03-087,Nyárlőrinc,64.44,20.54,1271,44.19,46.19,0.82,7.9,0.89,1455,-20.25,25.65
03-088,Ordas,61.3,28.74,261,44.49,45.25,3.8,5.7,0.76,263,-16.81,16.51
03-089,Orgovány,68.43,19.74,1606,49.12,43.39,0.53,6.59,0.37,1883,-19.31,23.65
03-090,Öregcsertő,60.27,24.38,365,37.68,51.72,2.22,7.64,0.74,406,-22.59,27.34
03-091,Páhi,75.93,15.67,619,56.53,36.73,0.43,6.03,0.29,697,-19.4,21.06
03-092,Pálmonostora,65.93,23.3,854,47.43,44.43,0.43,6.64,1.07,934,-18.5,21.13
03-093,Petőfiszállás,66.06,20.03,769,42.37,44.38,0.36,11.83,1.07,845,-23.69,24.35
03-094,Pirtó,64.96,23.67,528,43.55,45.88,1.97,7.71,0.9,558,-21.41,22.21
03-095,Rém,60.15,29.89,522,43.12,49.09,0.17,6.8,0.83,603,-17.03,19.2
03-096,Solt,61.88,29.26,3363,41.62,50.19,1.21,6.48,0.5,3628,-20.26,20.93
03-097,Soltszentimre,73.12,17.97,651,52.6,37.65,0.8,8.14,0.8,749,-20.52,19.68
03-098,Soltvadkert,67.67,20.14,3873,46.49,44.85,0.75,7.39,0.52,4263,-21.18,24.71
03-099,Sükösd,63.49,23.71,1835,44.01,45.67,0.81,9.06,0.45,1986,-19.48,21.96
03-100,Szabadszállás,65.43,23.06,2867,46.73,44.79,0.74,7.12,0.62,3244,-18.7,21.73
03-101,Szakmár,54.89,35.85,583,34.05,57.52,1.23,6.13,1.07,652,-20.84,21.67
03-102,Szalkszentmárton,68.71,18.95,1499,47.13,43.77,0.87,7.3,0.93,1725,-21.58,24.82
03-103,Szank,66.51,21.0,1281,49.35,41.66,1.15,7.3,0.54,1301,-17.16,20.66
03-104,Szentkirály,72.32,16.88,1120,50.28,38.85,0.48,9.59,0.8,1251,-22.04,21.97
03-105,Szeremle,68.99,23.0,674,47.75,44.79,0.77,6.44,0.26,777,-21.24,21.79
03-106,Tabdi,69.82,18.91,603,49.33,42.37,0.74,6.81,0.74,675,-20.49,23.46
03-107,Tass,73.99,17.06,1430,56.01,36.27,0.43,6.85,0.43,1621,-17.98,19.21
03-108,Tataháza,63.24,25.77,555,43.28,48.09,1.16,6.8,0.66,603,-19.96,22.32
03-109,Tázlár,75.52,14.0,907,51.33,37.37,0.51,9.96,0.82,974,-24.19,23.37
03-110,Tiszaalpár,65.2,22.98,2385,45.64,47.32,0.82,5.73,0.49,2669,-19.56,24.34
03-111,Tiszakécske,62.3,26.77,5918,45.37,47.08,0.69,6.04,0.82,6818,-16.93,20.31
03-112,Tiszaug,65.96,22.07,426,47.3,45.57,0.43,5.62,1.08,463,-18.66,23.5
03-113,Tompa,61.21,23.68,1993,45.08,44.16,0.92,9.38,0.46,2185,-16.13,20.48
03-114,Uszód,60.73,31.33,466,45.23,47.52,1.91,5.34,0.0,524,-15.5,16.19
03-115,Újsolt,57.43,34.65,101,31.19,48.62,7.34,11.01,1.83,109,-26.24,13.97
03-116,Újtelek,70.28,20.28,212,54.02,40.18,0.0,5.8,0.0,224,-16.26,19.9
03-117,Vaskút,59.48,24.64,1725,43.91,49.6,0.79,5.25,0.45,1772,-15.57,24.96
03-118,Városföld,64.2,21.64,1243,46.47,43.91,1.13,7.37,1.13,1330,-17.73,22.27
03-119,Zsana,64.71,17.9,391,40.71,40.0,2.12,16.94,0.24,425,-24.0,22.1
04-001,Almáskamarás,50.0,28.23,372,46.58,48.42,0.53,4.21,0.26,380,-3.42,20.19
04-002,Battonya,50.52,36.44,2294,41.69,51.89,0.85,5.03,0.54,2586,-8.83,15.45
04-003,Békés,57.87,28.48,11529,42.56,47.02,0.78,9.02,0.62,10031,-15.31,18.54
04-004,Békéscsaba,44.78,41.46,34510,31.65,59.26,1.38,6.97,0.74,35148,-13.13,17.8
04-005,Békéssámson,59.5,27.0,1163,45.22,44.1,0.8,9.32,0.56,1245,-14.28,17.1
04-006,Békésszentandrás,51.61,33.3,2021,35.14,56.46,0.72,6.96,0.72,2214,-16.47,23.16
04-007,Bélmegyer,64.04,22.63,495,44.58,44.23,1.07,9.59,0.53,563,-19.46,21.6
04-008,Biharugra,72.92,22.13,506,59.35,35.88,0.38,4.01,0.38,524,-13.57,13.75
04-009,Bucsa,74.26,18.85,1045,53.36,41.6,0.34,4.2,0.5,1190,-20.9,22.75
04-010,Csabacsűd,57.37,26.41,943,41.1,49.63,0.75,7.58,0.94,1068,-16.27,23.22
04-011,Csabaszabadi,64.37,21.84,174,45.45,40.4,1.52,12.12,0.51,198,-18.92,18.56
04-012,Csanádapáca,55.73,31.38,1179,34.29,57.22,0.9,7.14,0.45,1330,-21.44,25.84
04-013,Csárdaszállás,59.48,25.43,232,38.04,50.98,2.75,7.45,0.78,255,-21.44,25.55
04-014,Csorvás,53.17,31.25,2304,35.57,54.76,1.08,8.18,0.41,2688,-17.6,23.51
04-015,Dévaványa,64.92,24.48,3444,46.33,45.61,0.67,6.92,0.46,3885,-18.59,21.13
04-016,Doboz,61.18,28.75,2066,42.36,51.23,0.87,5.02,0.52,2309,-18.82,22.48
04-017,Dombegyház,61.12,27.75,890,48.92,42.46,0.51,7.49,0.62,975,-12.2,14.71
04-018,Dombiratos,61.35,31.91,282,49.83,46.37,0.0,3.81,0.0,289,-11.52,14.46
04-019,Ecsegfalva,65.48,25.05,507,47.54,44.14,1.7,6.11,0.51,589,-17.94,19.09
04-020,Elek,65.66,23.97,2044,46.54,46.29,0.72,5.9,0.55,2357,-19.12,22.32
04-021,Füzesgyarmat,50.92,35.87,2785,35.09,57.74,0.8,5.61,0.76,3138,-15.83,21.87
04-022,Gádoros,57.16,30.64,1697,41.35,49.42,1.32,7.12,0.79,1896,-15.81,18.78
04-023,Gerendás,56.13,31.61,620,36.76,55.76,1.25,5.76,0.47,642,-19.37,24.15
04-024,Geszt,83.94,10.42,355,72.18,23.97,0.0,3.31,0.55,363,-11.76,13.55
04-025,Gyomaendrőd,53.3,32.13,6443,36.79,54.34,0.9,7.25,0.72,7328,-16.51,22.21
04-026,Gyula,47.25,39.07,18051,34.83,57.18,1.03,6.26,0.7,17692,-12.42,18.11
04-027,Hunya,65.67,25.67,335,45.43,45.71,2.0,6.57,0.29,350,-20.24,20.04
04-028,Kamut,60.17,27.77,605,42.58,45.81,2.74,7.9,0.97,620,-17.59,18.04
04-029,Kardos,62.42,24.5,298,46.93,44.01,0.65,7.77,0.65,309,-15.49,19.51
04-030,Kardoskút,49.2,35.31,439,33.33,55.63,2.34,7.86,0.85,471,-15.87,20.32
04-031,Kaszaper,51.81,36.91,886,37.43,54.78,0.49,6.63,0.68,1026,-14.38,17.87
04-032,Kertészsziget,65.79,24.21,190,47.12,46.6,1.05,4.19,1.05,191,-18.67,22.39
04-033,Kevermes,67.19,23.22,771,50.67,41.41,0.37,6.82,0.73,821,-16.52,18.19
04-034,Kétegyháza,48.16,37.14,1715,36.26,54.87,0.86,7.33,0.7,1870,-11.9,17.73
04-035,Kétsoprony,64.9,17.77,698,46.39,44.33,0.26,8.51,0.52,776,-18.51,26.56
04-036,Kisdombegyház,77.56,13.66,205,54.07,39.71,0.96,4.31,0.96,209,-23.49,26.05
04-037,Kondoros,57.06,29.29,2571,38.07,53.76,1.11,6.56,0.5,2803,-18.99,24.47
04-038,Körösladány,65.92,22.33,2042,45.24,46.67,0.84,7.0,0.25,2372,-20.68,24.34
04-039,Körösnagyharsány,72.2,20.85,259,57.31,35.38,0.38,6.92,0.0,260,-14.89,14.53
04-040,Köröstarcsa,63.07,24.9,1213,43.89,46.48,1.26,7.33,1.04,1351,-19.18,21.58
04-041,Körösújfalu,81.96,11.34,194,59.67,33.15,0.0,6.08,1.1,181,-22.29,21.81
04-042,Kötegyán,69.09,18.39,647,58.77,35.48,0.98,4.63,0.14,713,-10.32,17.09
04-043,Kunágota,66.31,25.13,1122,49.54,41.66,1.0,7.47,0.33,1205,-16.77,16.53
04-044,Lőkösháza,58.31,30.84,830,44.15,47.82,1.26,6.42,0.34,872,-14.16,16.98
04-045,Magyarbánhegyes,63.15,28.39,863,48.43,44.59,0.91,5.76,0.3,989,-14.72,16.2
04-046,Magyardombegyház,69.32,19.32,88,54.0,35.0,5.0,6.0,0.0,100,-15.32,15.68
04-047,Medgyesbodzás,55.39,32.33,464,39.2,50.78,0.0,9.58,0.45,449,-16.19,18.45
04-048,Medgyesegyháza,49.31,35.74,1746,36.12,53.24,0.69,9.47,0.48,1880,-13.19,17.5
04-049,Mezőberény,51.14,34.18,4781,36.4,53.81,1.54,7.27,0.98,5313,-14.74,19.63
04-050,Mezőgyán,70.58,25.84,503,51.38,45.08,1.18,1.77,0.59,508,-19.2,19.24
04-051,Mezőhegyes,44.68,46.59,2406,32.52,61.34,1.04,4.78,0.31,2592,-12.16,14.75
04-052,Mezőkovácsháza,51.58,36.73,2840,38.19,54.38,0.8,6.21,0.42,3108,-13.39,17.65
04-053,Méhkerék,61.5,33.45,1187,48.04,49.02,0.65,1.64,0.65,1222,-13.46,15.57
04-054,Murony,54.13,32.7,630,37.38,57.1,0.83,4.28,0.41,725,-16.75,24.4
04-055,Nagybánhegyes,55.45,32.26,651,43.01,50.78,0.47,5.59,0.16,644,-12.44,18.52
04-056,Nagykamarás,55.33,31.1,582,41.33,48.78,1.3,8.27,0.32,617,-14.0,17.68
04-057,Nagyszénás,52.48,33.6,2458,37.78,54.39,1.05,6.31,0.49,2679,-14.7,20.79
04-058,Okány,60.59,28.2,1025,48.78,44.16,0.61,6.1,0.35,1148,-11.81,15.96
04-059,Orosháza,45.75,42.22,16475,32.52,59.91,1.21,5.72,0.64,15737,-13.23,17.69
04-060,Örménykút,64.32,22.16,185,53.04,39.23,1.66,4.97,1.1,181,-11.28,17.07
04-061,Pusztaföldvár,54.86,30.35,771,41.25,49.76,0.6,7.67,0.72,834,-13.61,19.41
04-062,Pusztaottlaka,69.23,26.04,169,48.09,40.44,0.55,9.84,1.09,183,-21.14,14.4
04-063,Sarkad,63.27,27.0,4511,47.81,45.57,0.77,5.38,0.47,4911,-15.46,18.57
04-064,Sarkadkeresztúr,60.7,28.74,776,45.36,47.62,0.6,5.83,0.6,840,-15.34,18.88
04-065,Szabadkígyós,54.74,34.01,1370,38.14,53.28,1.14,6.37,1.07,1492,-16.6,19.27
04-066,Szarvas,53.46,31.47,8262,37.64,54.52,0.76,6.54,0.54,8844,-15.82,23.05
04-067,Szeghalom,51.03,35.32,4417,35.49,56.59,0.91,6.31,0.7,4833,-15.54,21.27
04-068,Tarhos,71.86,17.84,398,46.53,45.86,0.0,7.16,0.45,447,-25.33,28.02
04-069,Telekgerendás,55.3,29.92,859,39.66,50.32,0.75,8.1,1.17,938,-15.64,20.4
04-070,Tótkomlós,51.99,34.23,2895,37.6,55.52,1.07,5.13,0.68,3080,-14.39,21.29
04-071,Újkígyós,55.61,32.83,2595,40.45,50.94,1.18,6.72,0.71,2974,-15.16,18.11
04-072,Újszalonta,70.59,21.57,51,52.0,34.0,2.0,12.0,0.0,50,-18.59,12.43
04-073,Végegyháza,61.55,29.94,541,43.7,50.42,1.01,4.54,0.34,595,-17.85,20.48
04-074,Vésztő,68.12,22.0,3127,50.03,43.75,0.48,5.2,0.54,3346,-18.09,21.75
04-075,Zsadány,72.29,22.09,765,51.57,42.03,1.25,4.64,0.5,797,-20.72,19.94
05-001,Abaújalpár,74.36,17.95,39,44.9,40.82,0.0,12.24,2.04,49,-29.46,22.87
05-002,Abaújkér,63.84,24.84,318,51.39,41.8,1.55,4.64,0.62,323,-12.45,16.96
05-003,Abaújlak,78.0,4.0,50,65.85,26.83,0.0,4.88,2.44,41,-12.15,22.83
05-004,Abaújszántó,59.52,29.98,1381,38.08,53.73,0.54,7.25,0.4,1489,-21.44,23.75
05-005,Abaújszolnok,85.96,10.53,57,54.9,45.1,0.0,0.0,0.0,51,-31.06,34.57
05-006,Abaújvár,83.84,13.13,99,54.29,44.29,0.0,1.43,0.0,70,-29.55,31.16
05-007,Abod,74.19,16.13,93,63.04,31.52,0.0,4.35,1.09,92,-11.15,15.39
05-008,Aggtelek,62.58,28.39,310,49.52,45.69,0.64,3.83,0.32,313,-13.06,17.3
05-009,Alacska,58.77,30.46,325,42.71,52.6,1.04,3.65,0.0,384,-16.06,22.14
05-010,Alsóberecki,51.9,38.32,368,39.28,56.63,0.48,2.89,0.72,415,-12.62,18.31
05-011,Alsódobsza,73.62,17.18,163,48.02,40.11,0.0,11.3,0.56,177,-25.6,22.93
05-012,Alsógagy,68.75,20.83,48,42.0,44.0,0.0,14.0,0.0,50,-26.75,23.17
05-013,Alsóregmec,58.41,30.97,113,44.26,49.18,0.0,6.56,0.0,122,-14.15,18.21
05-014,Alsószuha,67.23,25.63,238,53.39,38.14,1.27,7.2,0.0,236,-13.84,12.51
05-015,Alsótelekes,69.33,28.0,75,46.58,47.95,0.0,4.11,1.37,73,-22.75,19.95
05-016,Alsóvadász,72.87,15.65,575,47.51,43.4,1.03,8.06,0.0,583,-25.36,27.75
05-017,Alsózsolca,60.72,28.27,2724,41.17,52.07,1.21,5.0,0.55,2898,-19.55,23.8
05-018,Arka,43.24,32.43,37,24.39,60.98,0.0,14.63,0.0,41,-18.85,28.55
05-019,Arló,72.89,17.73,1077,63.73,31.1,0.46,4.41,0.3,1315,-9.16,13.37
05-020,Arnót,57.38,31.35,1375,41.28,50.59,0.83,6.75,0.55,1451,-16.1,19.24
05-021,Aszaló,73.54,18.99,790,49.24,46.53,0.24,3.88,0.12,851,-24.3,27.54
05-022,Ároktő,80.08,11.91,512,54.64,37.9,0.81,6.45,0.2,496,-25.44,25.99
05-023,Baktakék,68.42,25.61,285,58.62,33.86,0.63,6.58,0.31,319,-9.8,8.25
05-024,Balajt,82.87,11.6,181,72.47,23.6,1.12,1.69,1.12,178,-10.4,12.0
05-025,Baskó,76.15,12.31,130,58.26,28.7,0.0,13.04,0.0,115,-17.89,16.39
05-026,Bánhorváti,66.28,24.96,685,49.06,41.37,1.08,7.68,0.81,742,-17.22,16.41
05-027,Bánréve,54.08,37.06,564,42.18,49.29,1.74,6.48,0.32,633,-11.9,12.23
05-028,Becskeháza,54.17,37.5,24,33.33,42.86,0.0,19.05,4.76,21,-20.84,5.36
05-029,Bekecs,54.27,36.16,1358,33.31,58.84,0.73,6.72,0.4,1504,-20.96,22.68
05-030,Berente,47.59,34.38,477,31.06,58.14,1.33,8.97,0.5,602,-16.53,23.76
05-031,Beret,88.46,10.77,130,84.16,15.84,0.0,0.0,0.0,101,-4.3,5.07
05-032,Berzék,72.87,18.62,494,53.75,39.55,0.61,5.48,0.61,493,-19.12,20.93
05-033,Bodroghalom,57.97,36.65,483,44.28,49.33,1.01,4.55,0.84,594,-13.69,12.68
05-034,Bodrogkeresztúr,60.61,30.3,594,44.06,49.82,0.36,5.4,0.36,556,-16.55,19.52
05-035,Bodrogkisfalud,55.86,30.13,478,36.48,54.3,1.23,7.17,0.82,488,-19.38,24.17
05-036,Bodrogolaszi,58.97,31.24,429,37.81,55.28,0.96,4.61,1.34,521,-21.16,24.04
05-037,Bogács,56.73,30.65,1070,41.13,49.71,0.92,7.74,0.5,1201,-15.6,19.06
05-038,Boldogkőújfalu,89.9,7.21,208,50.48,48.57,0.0,0.95,0.0,210,-39.42,41.36
05-039,Boldogkőváralja,59.31,31.6,462,46.25,49.46,0.43,3.43,0.43,467,-13.06,17.86
05-040,Boldva,58.37,30.24,992,44.35,47.62,0.84,6.78,0.42,1195,-14.02,17.38
05-041,Borsodbóta,59.12,31.76,318,32.33,58.91,0.6,7.55,0.6,331,-26.79,27.15
05-042,Borsodgeszt,64.88,23.21,168,48.24,45.88,1.18,3.53,1.18,170,-16.64,22.67
05-043,Borsodivánka,55.56,29.97,297,38.1,55.24,0.95,5.4,0.32,315,-17.46,25.27
05-044,Borsodnádasd,62.54,27.96,1252,50.84,41.57,1.12,6.04,0.42,1424,-11.7,13.61
05-045,Borsodszentgyörgy,61.85,23.17,561,46.88,41.89,0.89,10.16,0.18,561,-14.97,18.72
05-046,Borsodszirák,73.09,18.91,550,47.26,47.6,0.51,4.62,0.0,584,-25.83,28.69
05-047,Bódvalenke,100.0,0.0,111,93.68,4.21,0.0,2.11,0.0,95,-6.32,4.21
05-048,Bódvarákó,79.07,6.98,43,71.05,26.32,0.0,2.63,0.0,38,-8.02,19.34
05-049,Bódvaszilas,65.2,25.6,500,57.23,37.87,0.64,4.04,0.21,470,-7.97,12.27
05-050,Bózsva,62.75,24.51,102,40.68,49.15,0.85,8.47,0.85,118,-22.07,24.64
05-051,Bőcs,59.63,27.57,1313,42.31,47.9,0.44,8.93,0.44,1378,-17.32,20.33
05-052,Bükkaranyos,56.13,29.03,775,35.89,58.49,0.12,5.14,0.36,836,-20.24,29.46
05-053,Bükkábrány,61.7,26.08,974,42.16,46.46,0.65,9.42,1.31,1072,-19.54,20.38
05-054,Bükkmogyorósd,47.95,34.25,73,41.77,44.3,2.53,11.39,0.0,79,-6.18,10.05
05-055,Bükkszentkereszt,55.29,29.23,633,38.52,49.07,0.71,10.27,1.43,701,-16.77,19.84
05-056,Bükkzsérc,58.54,24.04,574,41.93,45.89,0.47,11.39,0.32,632,-16.61,21.85
05-057,Büttös,81.91,10.64,94,70.93,25.58,0.0,3.49,0.0,86,-10.98,14.94
05-058,Cigánd,66.95,25.37,1068,46.8,48.7,0.52,3.97,0.0,1158,-20.15,23.33
05-059,Csenyéte,99.27,0.73,137,95.0,5.0,0.0,0.0,0.0,160,-4.27,4.27
05-060,Cserépfalu,58.94,30.63,604,41.39,51.51,0.45,6.04,0.6,662,-17.55,20.88
05-061,Cserépváralja,50.79,31.89,254,40.98,51.64,1.23,4.92,1.23,244,-9.81,19.75
05-062,Csernely,67.41,24.6,313,53.04,38.98,0.32,7.03,0.64,313,-14.37,14.38
05-063,Csincse,57.05,28.52,298,34.21,54.97,3.22,7.02,0.58,342,-22.84,26.45
05-064,Csobaj,70.4,21.81,321,50.27,43.68,0.27,4.67,1.1,364,-20.13,21.87
05-065,Csobád,73.5,21.37,351,50.31,42.19,0.62,6.56,0.31,320,-23.19,20.82
05-066,Csokvaomány,63.47,29.04,334,44.57,47.91,1.39,5.85,0.28,359,-18.9,18.87
05-067,Damak,64.75,20.86,139,35.95,52.94,0.0,11.11,0.0,153,-28.8,32.08
05-068,Dámóc,81.82,12.99,154,56.88,40.0,0.0,3.12,0.0,160,-24.94,27.01
05-069,Debréte,75.0,25.0,8,75.0,25.0,0.0,0.0,0.0,8,0.0,0.0
05-070,Detek,70.15,14.93,134,55.0,34.29,1.43,8.57,0.71,140,-15.15,19.36
05-071,Dédestapolcsány,48.64,32.52,701,32.22,57.5,1.12,8.92,0.25,807,-16.42,24.98
05-072,Domaháza,74.07,15.82,297,59.2,34.36,0.92,5.52,0.0,326,-14.87,18.54
05-073,Dövény,70.86,23.18,151,56.86,34.64,0.0,7.84,0.65,153,-14.0,11.46
05-074,Dubicsány,40.48,41.07,168,31.09,61.14,0.52,7.25,0.0,193,-9.39,20.07
05-075,Edelény,61.5,24.32,4852,41.49,49.3,0.87,7.86,0.48,5037,-20.01,24.98
05-076,Egerlövő,68.62,20.0,325,45.27,51.0,0.29,3.15,0.29,349,-23.35,31.0
05-077,Emőd,56.26,30.48,2316,37.72,54.35,0.51,6.81,0.62,2760,-18.54,23.87
05-078,Encs,62.78,28.46,3071,46.8,46.46,0.52,5.77,0.46,3278,-15.98,18.0
05-079,Erdőbénye,67.96,22.52,515,47.58,43.81,0.54,7.72,0.36,557,-20.38,21.29
05-080,Erdőhorváti,61.28,23.68,266,45.85,44.77,1.08,7.22,1.08,277,-15.43,21.09
05-081,Égerszög,57.5,22.5,40,58.97,28.21,0.0,12.82,0.0,39,1.47,5.71
05-082,Fancsal,57.63,32.77,177,40.66,51.65,0.0,7.69,0.0,182,-16.97,18.88
05-083,Farkaslyuk,75.49,20.03,669,64.37,31.46,1.44,2.41,0.32,623,-11.12,11.43
05-084,Fáj,99.54,0.0,216,83.98,14.56,0.0,1.46,0.0,206,-15.56,14.56
05-085,Felsőberecki,68.55,25.81,124,40.52,54.25,0.0,5.23,0.0,153,-28.03,28.44
05-086,Felsődobsza,71.26,21.26,334,50.14,44.67,0.58,4.32,0.29,347,-21.12,23.41
05-087,Felsőgagy,82.35,9.41,85,23.68,71.05,0.0,3.95,1.32,76,-58.67,61.64
05-088,Felsőkelecsény,62.12,29.29,198,42.55,54.26,1.6,1.6,0.0,188,-19.57,24.97
05-089,Felsőnyárád,45.7,37.7,488,33.05,59.42,1.37,5.99,0.17,584,-12.65,21.72
05-090,Felsőregmec,91.6,6.72,119,79.44,15.89,0.0,4.67,0.0,107,-12.16,9.17
05-091,Felsőtelekes,75.0,20.27,296,58.71,38.71,0.0,2.26,0.32,310,-16.29,18.44
05-092,Felsővadász,79.43,17.22,209,73.87,24.12,0.5,1.51,0.0,199,-5.56,6.9
05-093,Felsőzsolca,54.17,35.84,3535,36.29,56.29,0.96,5.95,0.51,3731,-17.88,20.45
05-094,Filkeháza,67.92,11.32,53,72.34,25.53,0.0,2.13,0.0,47,4.42,14.21
05-095,Fony,70.07,20.41,147,52.6,39.61,1.3,6.49,0.0,154,-17.47,19.2
05-096,Forró,74.01,20.48,1216,57.04,37.6,0.5,4.69,0.17,1194,-16.97,17.12
05-097,Fulókércs,80.74,17.78,135,72.26,26.45,0.0,0.65,0.65,155,-8.48,8.67
05-098,Füzér,57.97,19.32,207,45.28,48.11,0.0,6.13,0.47,212,-12.69,28.79
05-099,Füzérkajata,59.26,33.33,54,33.33,58.73,1.59,4.76,1.59,63,-25.93,25.4
05-100,Füzérkomlós,60.24,27.71,166,36.42,57.62,1.32,4.64,0.0,151,-23.82,29.91
05-101,Füzérradvány,73.79,17.93,145,47.48,48.92,0.0,3.6,0.0,139,-26.31,30.99
05-102,Gadna,100.0,0.0,118,92.42,7.58,0.0,0.0,0.0,66,-7.58,7.58
05-103,Gagyapáti,47.37,47.37,19,47.62,47.62,0.0,4.76,0.0,21,0.25,0.25
05-104,Gagybátor,87.06,9.41,85,65.45,29.09,0.0,5.45,0.0,55,-21.61,19.68
05-105,Gagyvendégi,69.57,21.74,92,59.18,37.76,0.0,3.06,0.0,98,-10.39,16.02
05-106,Galvács,93.1,5.17,58,57.69,32.69,0.0,7.69,1.92,52,-35.41,27.52
05-107,Garadna,66.32,26.42,193,51.28,35.9,1.54,10.26,1.03,195,-15.04,9.48
05-108,Gelej,75.15,16.57,338,49.23,44.27,0.62,5.57,0.31,323,-25.92,27.7
05-109,Gesztely,65.85,26.4,1341,47.93,45.79,0.86,5.29,0.14,1400,-17.92,19.39
05-110,Girincs,74.59,19.46,370,66.06,31.33,0.52,1.83,0.26,383,-8.53,11.87
05-111,Golop,69.39,21.21,330,48.24,45.0,0.88,5.0,0.88,340,-21.15,23.79
05-112,Gömörszőlős,60.0,22.0,50,51.92,28.85,0.0,17.31,1.92,52,-8.08,6.85
05-113,Gönc,68.64,22.23,877,51.69,41.86,0.85,5.6,0.0,946,-16.95,19.63
05-114,Göncruszka,72.8,18.77,261,55.52,37.37,0.0,5.69,1.42,281,-17.28,18.6
05-115,Györgytarló,65.22,28.02,207,24.14,72.41,0.43,3.02,0.0,232,-41.08,44.39
05-116,Halmaj,66.78,23.16,855,48.11,45.73,0.22,5.41,0.54,925,-18.67,22.57
05-117,Hangács,72.95,15.41,292,54.49,39.53,0.33,5.32,0.33,301,-18.46,24.12
05-118,Hangony,70.49,20.33,610,50.79,39.02,1.0,8.9,0.29,697,-19.7,18.69
05-119,Harsány,59.67,28.1,1039,40.86,51.69,0.51,6.35,0.59,1182,-18.81,23.59
05-120,Háromhuta,65.17,28.09,89,46.07,43.82,0.0,10.11,0.0,89,-19.1,15.73
05-121,Hegymeg,63.89,30.56,72,45.07,52.11,0.0,2.82,0.0,71,-18.82,21.55
05-122,Hejce,72.66,17.19,128,59.23,36.15,0.0,3.85,0.77,130,-13.43,18.96
05-123,Hejőbába,63.21,26.14,723,47.8,47.21,0.71,3.8,0.48,841,-15.41,21.07
05-124,Hejőkeresztúr,54.61,27.31,531,36.83,48.88,1.72,11.53,1.03,581,-17.78,21.57
05-125,Hejőkürt,54.55,29.22,154,32.63,58.95,0.53,6.84,1.05,190,-21.92,29.73
05-126,Hejőpapi,64.44,28.67,450,42.77,51.99,0.0,5.24,0.0,477,-21.67,23.32
05-127,Hejőszalonta,74.55,14.5,393,58.74,35.44,0.24,5.34,0.24,412,-15.81,20.94
05-128,Hercegkút,43.68,17.18,419,35.62,55.23,0.98,6.21,1.96,306,-8.06,38.05
05-129,Hernádbűd,85.53,11.84,76,51.81,40.96,0.0,7.23,0.0,83,-33.72,29.12
05-130,Hernádcéce,67.86,27.38,84,48.94,50.0,0.0,1.06,0.0,94,-18.92,22.62
05-131,Hernádkak,61.48,25.36,836,39.66,49.41,0.96,9.22,0.75,933,-21.82,24.05
05-132,Hernádkércs,70.95,20.11,179,47.83,50.93,0.0,0.62,0.62,161,-23.12,30.82
05-133,Hernádnémeti,59.02,29.78,1696,40.59,51.76,0.69,6.7,0.27,1880,-18.43,21.98
05-134,Hernádpetri,89.55,7.46,67,56.67,38.89,0.0,4.44,0.0,90,-32.88,31.43
05-135,Hernádszentandrás,66.48,27.84,176,62.69,31.61,2.07,3.63,0.0,193,-3.79,3.77
05-136,Hernádszurdok,79.61,17.48,103,67.03,27.47,0.0,5.49,0.0,91,-12.58,9.99
05-137,Hernádvécse,88.77,8.22,365,72.31,25.13,0.26,2.31,0.0,390,-16.46,16.91
05-138,Hét,46.43,35.71,252,33.45,56.94,1.07,8.54,0.0,281,-12.98,21.23
05-139,Hidasnémeti,62.56,28.03,446,43.21,50.23,1.36,4.52,0.68,442,-19.35,22.2
05-140,Hidvégardó,71.38,20.65,276,54.37,38.78,0.76,6.08,0.0,263,-17.01,18.13
05-141,Hollóháza,57.53,28.89,405,40.94,50.92,1.57,5.51,1.05,381,-16.59,22.03
05-142,Homrogd,74.75,19.55,404,56.02,37.27,1.62,5.09,0.0,432,-18.73,17.72
05-143,Igrici,69.87,17.95,468,41.59,52.26,0.72,5.24,0.18,553,-28.28,34.31
05-144,Imola,76.19,22.22,63,45.76,52.54,0.0,1.69,0.0,59,-30.43,30.32
05-145,Ináncs,67.35,23.71,582,48.28,45.83,0.65,5.07,0.16,611,-19.07,22.12
05-146,Irota,58.82,27.45,51,35.29,52.94,3.92,7.84,0.0,51,-23.53,25.49
05-147,Izsófalva,59.92,30.5,741,46.22,47.18,0.84,5.52,0.24,833,-13.7,16.68
05-148,Jákfalva,72.54,17.21,244,59.38,35.71,0.0,4.02,0.89,224,-13.16,18.5
05-149,Járdánháza,66.32,24.85,668,52.78,40.94,1.0,5.28,0.0,701,-13.54,16.09
05-150,Jósvafő,54.27,26.83,164,44.77,46.51,0.0,8.14,0.58,172,-9.5,19.68
05-151,Karcsa,62.03,31.34,769,44.8,51.29,0.37,3.3,0.24,817,-17.23,19.95
05-152,Karos,77.68,15.02,233,57.37,37.05,0.0,5.58,0.0,251,-20.31,22.03
05-153,Kazincbarcika,38.81,47.83,14119,26.47,64.7,1.69,6.64,0.5,13639,-12.34,16.87
05-154,Kács,59.87,27.96,304,46.46,47.08,0.31,5.85,0.31,325,-13.41,19.12
05-155,Kánó,75.21,13.68,117,54.9,40.2,0.0,4.9,0.0,102,-20.31,26.52
05-156,Kány,71.88,25.0,32,48.65,51.35,0.0,0.0,0.0,37,-23.23,26.35
05-157,Kázsmárk,79.82,15.65,441,58.15,37.23,0.24,4.14,0.24,411,-21.67,21.58
05-158,Kelemér,71.77,20.56,248,57.14,40.18,0.0,2.68,0.0,224,-14.63,19.62
05-159,Kenézlő,66.25,24.38,480,48.41,45.42,0.75,5.05,0.37,535,-17.84,21.04
05-160,Keresztéte,66.67,16.67,18,25.93,62.96,0.0,11.11,0.0,27,-40.74,46.29
05-161,Kesznyéten,79.08,14.74,760,63.49,30.92,0.25,5.22,0.13,786,-15.59,16.18
05-162,Kéked,69.62,25.32,79,47.37,47.37,1.32,3.95,0.0,76,-22.25,22.05
05-163,Királd,52.29,36.7,327,39.94,51.44,1.44,6.9,0.29,348,-12.35,14.74
05-164,Kiscsécs,96.94,2.04,98,80.88,13.24,0.0,4.41,1.47,68,-16.06,11.2
05-165,Kisgyőr,65.22,20.54,808,39.73,46.84,0.45,12.53,0.45,886,-25.49,26.3
05-166,Kishuta,56.98,30.81,172,32.2,60.45,1.13,5.08,1.13,177,-24.78,29.64
05-167,Kiskinizs,73.94,21.28,188,50.0,46.11,0.0,2.22,1.67,180,-23.94,24.83
05-168,Kisrozvágy,78.12,10.42,96,54.02,40.23,1.15,4.6,0.0,87,-24.1,29.81
05-169,Kissikátor,56.45,34.41,186,32.28,59.79,0.53,6.35,1.06,189,-24.17,25.38
05-170,Kistokaj,47.44,38.94,1248,27.5,63.85,0.72,6.81,1.11,1527,-19.94,24.91
05-171,Komjáti,67.33,24.75,101,48.89,50.0,0.0,1.11,0.0,90,-18.44,25.25
05-172,Komlóska,52.32,33.77,151,35.37,58.5,0.0,5.44,0.68,147,-16.95,24.73
05-173,Kondó,57.69,28.67,286,36.98,52.66,1.48,8.58,0.3,338,-20.71,23.99
05-174,Korlát,72.73,21.43,154,45.03,50.29,0.0,4.68,0.0,171,-27.7,28.86
05-175,Kovácsvágás,83.08,13.85,260,58.8,37.83,0.37,3.0,0.0,267,-24.28,23.98
05-176,Köröm,86.07,10.56,445,72.69,23.79,0.0,3.3,0.22,454,-13.38,13.23
05-177,Krasznokvajda,76.85,19.44,216,58.0,36.5,0.0,4.5,1.0,200,-18.85,17.06
05-178,Kupa,92.94,5.88,85,71.91,23.6,0.0,2.25,2.25,89,-21.03,17.72
05-179,Kurityán,56.5,31.87,731,34.64,57.12,1.57,6.27,0.39,765,-21.86,25.25
05-180,Lak,91.3,5.9,322,79.68,19.35,0.0,0.97,0.0,310,-11.62,13.45
05-181,Lácacséke,83.95,12.35,81,55.79,36.84,2.11,5.26,0.0,95,-28.16,24.49
05-182,Ládbesenyő,70.55,19.18,146,53.7,38.89,1.23,6.17,0.0,162,-16.85,19.71
05-183,Legyesbénye,58.71,30.9,712,34.37,58.68,0.37,6.08,0.5,806,-24.34,27.78
05-184,Léh,78.41,15.86,227,65.38,29.12,0.0,5.49,0.0,182,-13.03,13.26
05-185,Lénárddaróc,66.67,26.92,156,50.98,41.83,0.65,5.23,1.31,153,-15.69,14.91
05-186,Litka,68.18,22.73,22,34.62,57.69,0.0,7.69,0.0,26,-33.56,34.96
05-187,Makkoshotyka,86.23,9.92,363,65.52,30.77,0.53,2.92,0.27,377,-20.71,20.85
05-188,Martonyi,82.8,12.74,157,68.53,29.37,0.0,2.1,0.0,143,-14.27,16.63
05-189,Mád,53.92,36.88,1174,36.72,56.16,0.72,5.76,0.64,1250,-17.2,19.28
05-190,Mályi,47.45,40.93,2333,29.65,62.73,0.91,6.31,0.4,2742,-17.8,21.8
05-191,Mályinka,58.75,28.4,257,41.55,46.28,0.34,11.15,0.68,296,-17.2,17.88
05-192,Megyaszó,72.56,20.81,1115,53.06,39.4,0.88,6.13,0.53,1142,-19.5,18.59
05-193,Meszes,63.54,23.96,96,30.0,53.33,1.11,15.56,0.0,90,-33.54,29.37
05-194,Mezőcsát,64.66,26.29,2697,43.18,50.5,0.94,5.06,0.32,3085,-21.48,24.21
05-195,Mezőkeresztes,50.17,32.64,1786,33.78,54.63,1.4,9.25,0.94,1924,-16.39,21.99
05-196,Mezőkövesd,49.5,35.92,10578,34.28,57.39,1.1,6.47,0.77,9129,-15.22,21.47
05-197,Mezőnagymihály,60.23,28.71,533,42.39,49.31,0.87,7.09,0.35,578,-17.84,20.6
05-198,Mezőnyárád,47.91,34.92,885,29.56,61.32,0.96,7.39,0.77,1042,-18.35,26.4
05-199,Mezőzombor,70.28,22.48,1023,49.07,45.62,0.09,5.04,0.18,1131,-21.21,23.14
05-200,Méra,64.21,25.04,651,45.96,47.04,0.4,6.06,0.54,742,-18.25,22.0
05-201,Mikóháza,47.25,34.3,309,33.44,58.36,0.63,7.26,0.32,317,-13.81,24.06
05-202,Miskolc,44.47,43.34,82628,31.41,60.92,1.25,5.75,0.67,83853,-13.06,17.58
05-203,Mogyoróska,64.81,27.78,54,42.86,51.02,0.0,4.08,2.04,49,-21.95,23.24
05-204,Monaj,70.37,17.59,108,46.92,49.23,0.0,3.08,0.77,130,-23.45,31.64
05-205,Monok,60.21,32.82,774,46.48,44.8,1.79,6.69,0.24,837,-13.73,11.98
05-206,Muhi,50.71,30.71,280,32.92,56.0,1.54,9.23,0.31,325,-17.79,25.29
05-207,Múcsony,52.22,34.91,1329,34.95,55.61,1.46,7.31,0.66,1505,-17.27,20.7
05-208,Nagybarca,50.0,39.7,398,27.35,65.31,1.22,5.51,0.61,490,-22.65,25.61
05-209,Nagycsécs,72.34,20.74,376,52.38,42.06,0.53,4.76,0.26,378,-19.96,21.32
05-210,Nagyhuta,54.05,24.32,37,28.0,64.0,0.0,8.0,0.0,25,-26.05,39.68
05-211,Nagykinizs,63.38,31.69,142,48.61,44.44,2.08,4.86,0.0,144,-14.77,12.75
05-212,Nagyrozvágy,70.5,20.69,261,53.59,40.85,0.33,4.58,0.65,306,-16.91,20.16
05-213,Nekézseny,67.36,23.96,288,46.28,47.57,0.32,4.53,1.29,309,-21.08,23.61
05-214,Nemesbikk,61.37,26.27,453,43.19,48.18,0.96,6.72,0.96,521,-18.18,21.91
05-215,Négyes,57.79,32.47,154,37.3,52.43,0.54,8.11,1.62,185,-20.49,19.96
05-216,Novajidrány,75.09,18.16,534,56.04,39.93,0.53,3.33,0.18,571,-19.05,21.77
05-217,Nyékládháza,48.06,39.34,2738,31.77,59.84,0.99,6.79,0.61,3135,-16.29,20.5
05-218,Nyésta,86.96,8.7,23,18.75,81.25,0.0,0.0,0.0,16,-68.21,72.55
05-219,Nyíri,77.18,17.96,206,63.05,33.5,0.49,2.96,0.0,203,-14.13,15.54
05-220,Nyomár,75.93,15.43,162,57.99,30.18,1.18,8.88,1.78,169,-17.94,14.75
05-221,Olaszliszka,65.42,25.45,668,47.05,44.4,0.59,7.52,0.44,678,-18.37,18.95
05-222,Onga,54.92,33.98,2378,36.89,55.12,0.62,6.83,0.54,2578,-18.03,21.14
05-223,Ormosbánya,63.65,25.49,663,43.89,48.43,1.25,5.96,0.47,638,-19.76,22.94
05-224,Oszlár,53.66,33.17,205,37.44,48.82,0.95,9.0,3.79,211,-16.22,15.65
05-225,Ónod,60.48,24.17,964,37.73,53.75,1.59,6.74,0.19,1068,-22.75,29.58
05-226,Ózd,54.02,34.7,14645,42.31,48.78,1.4,7.09,0.42,14673,-11.71,14.08
05-227,Pamlény,68.0,20.0,25,46.88,37.5,0.0,15.62,0.0,32,-21.12,17.5
05-228,Parasznya,58.99,33.71,534,38.89,52.54,1.9,5.71,0.95,630,-20.1,18.83
05-229,Pácin,69.62,24.4,586,56.16,39.04,1.2,3.6,0.0,666,-13.46,14.64
05-230,Pálháza,53.39,29.75,605,35.05,57.9,0.47,5.95,0.63,639,-18.34,28.15
05-231,Pányok,84.0,4.0,25,41.38,48.28,0.0,10.34,0.0,29,-42.62,44.28
05-232,Pere,65.22,27.54,138,41.61,53.69,0.67,2.01,2.01,149,-23.61,26.15
05-233,Perecse,76.92,15.38,13,70.0,20.0,0.0,10.0,0.0,10,-6.92,4.62
05-234,Perkupa,78.67,14.4,361,55.33,36.31,0.29,7.49,0.58,347,-23.34,21.91
05-235,Prügy,77.55,18.71,1149,66.39,30.59,0.5,2.35,0.17,1190,-11.16,11.88
05-236,Pusztafalu,73.02,20.63,126,53.6,42.4,0.8,3.2,0.0,125,-19.42,21.77
05-237,Pusztaradvány,89.89,7.87,89,71.01,21.74,5.07,2.17,0.0,138,-18.88,13.87
05-238,Putnok,59.18,30.05,2815,39.2,54.15,1.06,5.22,0.38,2931,-19.98,24.1
05-239,Radostyán,57.1,30.65,310,45.96,45.96,0.84,6.69,0.56,359,-11.14,15.31
05-240,Ragály,69.43,22.29,314,48.77,45.99,0.31,4.63,0.31,324,-20.66,23.7
05-241,Rakaca,92.53,4.98,281,84.31,15.38,0.0,0.31,0.0,325,-8.22,10.4
05-242,Rakacaszend,96.5,3.5,143,85.71,12.7,0.0,1.59,0.0,126,-10.79,9.2
05-243,Rásonysápberencs,63.31,26.61,248,47.27,45.0,0.91,5.91,0.91,220,-16.04,18.39
05-244,Rátka,37.87,28.17,536,25.27,68.35,0.0,6.15,0.22,455,-12.6,40.18
05-245,Regéc,77.78,15.56,45,53.33,35.56,2.22,8.89,0.0,45,-24.45,20.0
05-246,Répáshuta,58.65,25.19,266,35.44,48.42,0.7,11.58,3.86,285,-23.21,23.23
05-247,Révleányvár,82.41,13.07,199,65.85,28.78,0.49,3.9,0.98,205,-16.56,15.71
05-248,Ricse,63.2,29.47,587,50.53,42.7,0.71,5.52,0.53,562,-12.67,13.23
05-249,Rudabánya,66.2,25.23,991,54.0,40.05,0.27,5.6,0.09,1126,-12.2,14.82
05-250,Rudolftelep,48.66,39.85,261,37.85,53.94,0.32,6.94,0.95,317,-10.81,14.09
05-251,Sajóbábony,53.18,33.53,1196,41.08,50.04,1.26,7.03,0.59,1351,-12.1,16.51
05-252,Sajóecseg,54.8,26.99,604,36.31,53.03,1.01,9.08,0.58,694,-18.49,26.04
05-253,Sajógalgóc,53.9,29.87,154,33.71,54.29,0.57,10.29,1.14,175,-20.19,24.42
05-254,Sajóhídvég,76.53,17.35,392,56.61,34.16,0.5,8.23,0.5,401,-19.92,16.81
05-255,Sajóivánka,37.39,48.7,345,24.69,63.46,2.22,9.14,0.49,405,-12.7,14.76
05-256,Sajókaza,66.16,23.94,1182,49.57,42.66,0.31,7.23,0.24,1273,-16.59,18.72
05-257,Sajókápolna,60.43,28.94,235,36.96,58.7,0.0,3.91,0.43,230,-23.47,29.76
05-258,Sajókeresztúr,50.12,37.99,866,31.62,60.52,1.15,5.97,0.73,955,-18.5,22.53
05-259,Sajólád,60.31,26.56,1280,41.84,50.64,0.61,6.36,0.54,1477,-18.47,24.08
05-260,Sajólászlófalva,51.39,32.87,216,35.97,54.55,0.79,7.11,1.58,253,-15.42,21.68
05-261,Sajómercse,62.63,26.26,99,45.13,49.56,0.0,5.31,0.0,113,-17.5,23.3
05-262,Sajónémeti,74.87,17.59,199,62.98,29.81,0.96,6.25,0.0,208,-11.89,12.22
05-263,Sajóörös,43.48,43.92,897,28.07,64.94,1.2,5.39,0.4,1001,-15.41,21.02
05-264,Sajópálfala,57.6,28.92,408,42.14,50.22,0.66,6.33,0.66,458,-15.46,21.3
05-265,Sajópetri,59.66,26.1,590,41.29,50.43,0.86,7.14,0.29,700,-18.37,24.33
05-266,Sajópüspöki,55.95,34.13,252,40.0,55.38,1.54,1.92,1.15,260,-15.95,21.25
05-267,Sajósenye,59.38,27.68,224,36.55,55.46,0.0,7.56,0.42,238,-22.83,27.78
05-268,Sajószentpéter,46.89,42.05,4854,32.37,60.49,1.54,5.12,0.47,5718,-14.52,18.44
05-269,Sajószöged,43.42,41.49,1299,28.52,62.28,1.01,7.72,0.47,1490,-14.9,20.79
05-270,Sajóvámos,58.82,28.02,1117,38.03,53.94,0.54,6.96,0.54,1307,-20.79,25.92
05-271,Sajóvelezd,58.1,31.84,358,34.81,54.29,1.56,9.09,0.26,385,-23.29,22.45
05-272,Sály,74.14,14.14,700,59.52,34.29,0.79,5.08,0.32,630,-14.62,20.15
05-273,Sárazsadány,65.52,25.86,116,39.17,54.17,0.0,2.5,4.17,120,-26.35,28.31
05-274,Sárospatak,53.12,36.48,6003,35.29,58.08,0.98,5.25,0.39,6401,-17.83,21.6
05-275,Sáta,61.32,27.37,486,45.32,50.67,0.19,3.82,0.0,523,-16.0,23.3
05-276,Sátoraljaújhely,49.33,38.6,9041,35.5,57.78,1.25,4.88,0.59,6738,-13.83,19.18
05-277,Selyeb,89.69,5.15,194,73.02,23.81,0.0,3.17,0.0,189,-16.67,18.66
05-278,Semjén,79.38,16.25,160,61.93,34.09,0.57,3.41,0.0,176,-17.45,17.84
05-279,Serényfalva,46.82,35.23,440,35.35,56.25,1.56,6.84,0.0,512,-11.47,21.02
05-280,Sima,40.91,54.55,22,18.18,72.73,0.0,9.09,0.0,22,-22.73,18.18
05-281,Sóstófalva,71.9,21.49,121,48.23,46.81,0.71,4.26,0.0,141,-23.67,25.32
05-282,Szakácsi,98.41,1.59,63,67.5,31.25,0.0,1.25,0.0,80,-30.91,29.66
05-283,Szakáld,58.3,25.53,235,37.45,54.05,0.39,7.34,0.77,259,-20.85,28.52
05-284,Szalaszend,67.49,25.86,406,45.52,49.64,0.73,3.15,0.97,413,-21.97,23.78
05-285,Szalonna,64.99,28.12,377,45.14,49.73,0.27,4.59,0.27,370,-19.85,21.61
05-286,Szászfa,72.22,18.52,54,44.9,48.98,0.0,6.12,0.0,49,-27.32,30.46
05-287,Szegi,59.28,29.94,167,42.08,54.1,0.0,3.83,0.0,183,-17.2,24.16
05-288,Szegilong,61.07,25.19,131,44.7,47.73,1.52,6.06,0.0,132,-16.37,22.54
05-289,Szemere,79.58,14.08,142,51.46,43.27,0.58,4.68,0.0,171,-28.12,29.19
05-290,Szendrő,70.07,19.49,1657,57.1,35.39,0.71,6.36,0.45,1557,-12.97,15.9
05-291,Szendrőlád,89.91,7.61,644,59.72,39.68,0.0,0.61,0.0,494,-30.19,32.07
05-292,Szentistván,56.93,32.11,1277,38.01,54.04,0.78,6.88,0.28,1410,-18.92,21.93
05-293,Szentistvánbaksa,64.1,20.51,156,51.11,41.11,0.0,7.78,0.0,180,-12.99,20.6
05-294,Szerencs,52.21,36.69,5078,36.72,55.65,1.01,6.12,0.5,5360,-15.49,18.96
05-295,Szikszó,58.77,30.4,2852,39.91,52.2,0.79,6.8,0.3,3042,-18.86,21.8
05-296,Szin,92.59,4.84,351,80.25,17.87,0.0,1.88,0.0,319,-12.34,13.03
05-297,Szinpetri,72.65,20.51,117,64.71,31.37,0.0,2.94,0.98,102,-7.94,10.86
05-298,Szirmabesenyő,44.52,44.32,2545,28.01,63.33,1.39,6.45,0.82,2806,-16.51,19.01
05-299,Szomolya,62.07,25.46,762,43.97,46.9,1.01,7.44,0.68,887,-18.1,21.44
05-300,Szögliget,65.57,18.86,334,47.61,45.63,0.0,6.76,0.0,355,-17.96,26.77
05-301,Szőlősardó,61.64,28.77,73,41.46,48.78,0.0,8.54,1.22,82,-20.18,20.01
05-302,Szuhafő,62.82,25.64,78,52.78,38.89,0.0,8.33,0.0,72,-10.04,13.25
05-303,Szuhakálló,56.48,32.27,471,34.55,56.49,0.55,7.86,0.55,547,-21.93,24.22
05-304,Szuhogy,69.18,18.66,477,50.71,37.53,0.81,10.34,0.61,493,-18.47,18.87
05-305,Taktabáj,87.27,9.82,275,70.3,27.23,0.5,1.49,0.5,202,-16.97,17.41
05-306,Taktaharkány,66.16,25.82,1646,48.87,43.5,0.72,6.25,0.66,1807,-17.29,17.68
05-307,Taktakenéz,82.64,14.2,507,75.63,21.64,0.23,2.51,0.0,439,-7.01,7.44
05-308,Taktaszada,78.7,16.88,770,62.75,30.81,0.68,5.53,0.23,886,-15.95,13.93
05-309,Tarcal,56.61,34.2,1339,44.03,47.9,1.15,6.38,0.54,1474,-12.58,13.7
05-310,Tard,64.19,23.63,673,44.56,45.56,1.0,8.31,0.57,698,-19.63,21.93
05-311,Tardona,50.85,36.67,529,32.52,59.31,0.65,7.03,0.49,612,-18.33,22.64
05-312,Tállya,49.46,36.82,831,33.74,56.17,2.35,7.4,0.34,892,-15.72,19.35
05-313,Telkibánya,71.52,23.18,302,51.32,43.11,0.0,5.57,0.0,341,-20.2,19.93
05-314,Teresztenye,53.33,40.0,15,32.0,64.0,0.0,4.0,0.0,25,-21.33,24.0
05-315,Tibolddaróc,55.92,30.53,642,37.7,54.51,0.55,6.01,1.23,732,-18.22,23.98
05-316,Tiszabábolna,72.78,19.53,169,43.24,49.19,1.08,6.49,0.0,185,-29.54,29.66
05-317,Tiszacsermely,79.77,13.87,173,47.52,49.65,0.0,2.13,0.71,141,-32.25,35.78
05-318,Tiszadorogma,67.29,21.96,214,46.35,43.35,1.29,8.15,0.86,233,-20.94,21.39
05-319,Tiszakarád,81.65,12.92,774,63.6,32.63,0.47,2.94,0.35,849,-18.05,19.71
05-320,Tiszakeszi,66.9,24.76,1163,47.68,46.45,1.24,3.86,0.77,1294,-19.22,21.69
05-321,Tiszaladány,74.64,19.6,347,52.62,41.1,0.26,5.76,0.26,382,-22.02,21.5
05-322,Tiszalúc,62.0,26.01,2034,43.81,47.45,0.9,7.37,0.47,2333,-18.19,21.44
05-323,Tiszapalkonya,61.09,32.05,699,42.35,50.82,1.26,5.18,0.38,791,-18.74,18.77
05-324,Tiszatardos,72.8,16.8,125,54.96,43.51,0.0,1.53,0.0,131,-17.84,26.71
05-325,Tiszatarján,72.33,16.34,618,47.83,46.18,0.6,4.95,0.45,667,-24.5,29.84
05-326,Tiszaújváros,37.95,50.28,10107,28.41,63.57,1.86,5.49,0.68,8292,-9.54,13.29
05-327,Tiszavalk,56.7,30.41,194,35.78,53.92,0.98,9.31,0.0,204,-20.92,23.51
05-328,Tokaj,55.4,34.0,2047,35.27,57.61,0.89,5.67,0.56,2135,-20.13,23.61
05-329,Tolcsva,58.5,29.68,812,40.74,51.96,0.67,6.06,0.56,891,-17.76,22.28
05-330,Tomor,86.86,10.95,137,60.48,31.45,0.0,8.06,0.0,124,-26.38,20.5
05-331,Tornabarakony,42.86,50.0,14,45.45,54.55,0.0,0.0,0.0,11,2.59,4.55
05-332,Tornakápolna,76.47,5.88,17,52.94,35.29,0.0,11.76,0.0,17,-23.53,29.41
05-333,Tornanádaska,96.56,2.29,262,89.52,9.27,0.0,1.21,0.0,248,-7.04,6.98
05-334,Tornaszentandrás,70.11,20.69,87,52.22,42.22,0.0,5.56,0.0,90,-17.89,21.53
05-335,Tornaszentjakab,73.33,18.89,90,58.97,39.74,0.0,1.28,0.0,78,-14.36,20.85
05-336,Tornyosnémeti,80.0,13.02,215,66.84,27.89,0.0,4.74,0.53,190,-13.16,14.87
05-337,Trizs,54.78,26.96,115,46.15,39.32,0.85,11.97,1.71,117,-8.63,12.36
05-338,Uppony,53.29,32.24,152,33.95,57.41,1.23,6.79,0.62,162,-19.34,25.17
05-339,Újcsanálos,66.08,21.11,398,47.34,45.41,0.24,6.76,0.24,414,-18.74,24.3
05-340,Vadna,45.62,40.94,320,28.22,63.01,1.37,7.4,0.0,365,-17.4,22.07
05-341,Vajdácska,70.32,21.93,529,49.08,45.73,0.17,4.86,0.17,597,-21.24,23.8
05-342,Varbó,47.21,39.22,663,31.7,59.65,0.72,7.2,0.72,694,-15.51,20.43
05-343,Varbóc,69.77,18.6,43,47.37,36.84,0.0,15.79,0.0,38,-22.4,18.24
05-344,Vatta,60.29,27.09,491,44.79,48.99,1.46,4.02,0.73,547,-15.5,21.9
05-345,Vágáshuta,61.54,26.92,52,54.72,39.62,0.0,3.77,1.89,53,-6.82,12.7
05-346,Vámosújfalu,58.81,25.81,403,43.86,44.32,1.36,9.77,0.68,440,-14.95,18.51
05-347,Vilmány,85.33,11.57,484,70.65,27.61,0.22,1.3,0.22,460,-14.68,16.04
05-348,Vilyvitány,71.21,18.94,132,48.51,42.54,0.0,8.96,0.0,134,-22.7,23.6
05-349,Viss,71.08,25.3,166,49.1,45.51,1.2,3.59,0.6,167,-21.98,20.21
05-350,Viszló,76.74,9.3,43,54.55,38.64,0.0,2.27,4.55,44,-22.19,29.34
05-351,Vizsoly,74.05,18.65,370,60.76,30.26,0.71,8.04,0.24,423,-13.29,11.61
05-352,Zalkod,67.29,29.91,107,53.7,37.96,1.85,5.56,0.93,108,-13.59,8.05
05-353,Zádorfalva,80.35,16.76,173,69.14,30.86,0.0,0.0,0.0,175,-11.21,14.1
05-354,Zemplénagárd,77.08,18.97,253,60.49,34.16,0.41,4.53,0.41,243,-16.59,15.19
05-355,Ziliz,56.52,29.35,184,41.38,47.29,1.48,9.85,0.0,203,-15.14,17.94
05-356,Zsujta,77.0,19.0,100,71.61,21.94,1.94,3.87,0.65,155,-5.39,2.94
05-357,Zubogy,42.03,44.2,276,34.43,56.07,1.97,7.54,0.0,305,-7.6,11.87
05-358,Gibárt,60.1,26.77,198,30.43,53.91,2.61,12.61,0.43,230,-29.67,27.14
06-001,Algyő,45.1,41.26,3049,27.24,63.99,0.63,7.5,0.63,3466,-17.86,22.73
06-002,Ambrózfalva,49.11,39.29,224,43.12,51.67,0.74,3.72,0.74,269,-5.99,12.38
06-003,Apátfalva,61.2,26.43,1415,40.5,51.3,0.62,6.77,0.81,1610,-20.7,24.87
06-004,Árpádhalom,60.78,27.06,255,41.04,51.12,2.99,4.1,0.75,268,-19.74,24.06
06-005,Ásotthalom,47.4,19.6,1903,33.56,37.05,0.59,28.48,0.32,2205,-13.84,17.45
06-006,Baks,60.55,30.99,839,41.24,51.13,1.13,5.88,0.62,970,-19.31,20.14
06-007,Balástya,61.37,24.55,1711,38.26,50.31,1.09,9.26,1.09,1934,-23.11,25.76
06-008,Bordány,57.08,27.91,1738,36.15,51.66,0.76,10.42,1.01,1986,-20.93,23.75
06-009,Csanádalberti,66.67,24.89,225,47.68,42.19,0.42,6.33,3.38,237,-18.99,17.3
06-010,Csanádpalota,59.51,27.44,1425,40.51,51.21,1.04,6.49,0.76,1449,-19.0,23.77
06-011,Csanytelek,62.93,30.38,1241,44.82,48.64,1.39,4.59,0.56,1439,-18.11,18.26
06-012,Csengele,68.82,19.83,1039,45.15,46.06,0.27,8.16,0.36,1103,-23.67,26.23
06-013,Csongrád,58.16,28.61,8828,38.78,50.89,1.0,8.66,0.67,9742,-19.38,22.28
06-014,Derekegyház,52.07,31.4,774,32.98,56.03,2.01,8.39,0.59,846,-19.09,24.63
06-015,Deszk,43.68,41.36,2198,26.7,65.46,0.97,6.01,0.85,2577,-16.98,24.1
06-016,Domaszék,55.86,30.62,2714,38.64,50.27,0.9,9.39,0.8,3002,-17.22,19.65
06-017,Dóc,65.97,23.82,382,44.31,45.76,0.0,8.47,1.45,413,-21.66,21.94
06-018,Eperjes,68.92,24.3,251,50.8,43.6,1.2,4.4,0.0,250,-18.12,19.3
06-019,Fábiánsebestyén,54.96,30.95,1079,35.37,56.72,1.55,5.87,0.49,1227,-19.59,25.77
06-020,Felgyő,60.65,24.69,648,43.67,46.58,1.31,7.86,0.58,687,-16.98,21.89
06-021,Ferencszállás,50.29,34.48,348,26.78,64.37,1.23,6.39,1.23,407,-23.51,29.89
06-022,Forráskút,62.96,25.47,1123,41.94,49.15,0.31,7.75,0.85,1290,-21.02,23.68
06-023,Földeák,59.32,30.42,1706,35.77,56.44,0.97,5.85,0.97,1862,-23.55,26.02
06-024,Hódmezővásárhely,45.53,44.94,27071,31.14,61.57,0.72,5.94,0.62,26411,-14.39,16.63
06-025,Királyhegyes,68.22,20.41,343,47.66,42.98,1.38,7.16,0.83,363,-20.56,22.57
06-026,Kistelek,54.25,33.42,3869,35.59,56.52,0.98,6.48,0.43,4400,-18.66,23.1
06-027,Kiszombor,53.26,34.35,2009,36.07,55.4,0.87,7.13,0.52,2287,-17.19,21.05
06-028,Klárafalva,57.87,32.68,254,39.66,49.83,2.37,7.12,1.02,295,-18.21,17.15
06-029,Kövegy,66.99,23.79,206,52.48,37.13,1.49,8.42,0.5,202,-14.51,13.34
06-030,Kübekháza,48.64,38.62,738,32.7,56.44,1.79,8.23,0.84,838,-15.94,17.82
06-031,Magyarcsanád,72.28,17.63,624,54.66,36.01,0.15,7.58,1.6,686,-17.62,18.38
06-032,Makó,52.72,34.28,12605,33.36,57.8,1.1,7.1,0.65,13482,-19.36,23.52
06-033,Maroslele,62.54,26.92,1148,41.82,48.84,1.62,6.94,0.77,1296,-20.72,21.92
06-034,Mártély,59.38,29.82,778,37.66,52.49,0.46,8.69,0.7,863,-21.72,22.67
06-035,Mindszent,57.84,27.27,3399,40.06,48.62,1.2,9.53,0.6,3832,-17.78,21.35
06-036,Mórahalom,59.08,24.68,3639,37.21,48.76,0.89,12.35,0.8,4139,-21.87,24.08
06-037,Nagyér,61.26,27.93,222,39.73,45.98,0.89,12.95,0.45,224,-21.53,18.05
06-038,Nagylak,65.23,19.92,256,51.11,39.56,1.33,7.56,0.44,225,-14.12,19.64
06-039,Nagymágocs,57.23,28.02,1356,35.88,53.05,1.61,8.3,1.16,1555,-21.35,25.03
06-040,Nagytőke,74.29,14.29,210,47.44,32.91,0.43,17.09,2.14,234,-26.85,18.62
06-041,Óföldeák,65.2,24.8,250,45.36,43.57,3.93,6.07,1.07,280,-19.84,18.77
06-042,Ópusztaszer,53.88,30.05,915,37.06,51.96,1.21,9.5,0.28,1074,-16.82,21.91
06-043,Öttömös,54.52,30.59,376,39.85,48.87,0.75,9.52,1.0,399,-14.67,18.28
06-044,Pitvaros,54.11,37.27,754,40.03,50.99,1.45,7.0,0.53,757,-14.08,13.72
06-045,Pusztamérges,64.71,25.13,561,47.24,40.86,1.21,10.52,0.17,580,-17.47,15.73
06-046,Pusztaszer,58.78,30.41,740,42.96,49.28,0.36,5.85,1.55,838,-15.82,18.87
06-047,Röszke,59.34,26.75,1862,40.57,47.79,1.12,9.69,0.84,2147,-18.77,21.04
06-048,Ruzsa,64.57,19.88,1318,44.98,40.5,0.71,12.95,0.85,1405,-19.59,20.62
06-049,Sándorfalva,47.44,40.1,4511,29.62,60.46,1.99,7.22,0.71,5179,-17.82,20.36
06-050,Szatymaz,51.83,33.22,2622,33.85,54.49,1.28,9.29,1.09,3131,-17.98,21.27
06-051,Szeged,38.93,48.05,90429,26.56,65.56,1.41,5.38,1.09,91567,-12.37,17.51
06-052,Szegvár,60.36,26.36,2477,41.26,48.19,2.27,7.68,0.6,2683,-19.1,21.83
06-053,Szentes,50.19,36.42,16215,34.01,57.23,1.72,6.06,0.98,15554,-16.18,20.81
06-054,Székkutas,52.57,35.51,1284,36.11,54.05,0.68,8.48,0.68,1321,-16.46,18.54
06-055,Tiszasziget,53.82,30.88,1007,35.87,53.77,1.03,8.3,1.03,1168,-17.95,22.89
06-056,Tömörkény,66.19,23.49,843,47.36,42.83,1.62,7.34,0.86,927,-18.83,19.34
06-057,Újszentiván,46.98,36.19,1075,30.91,60.89,0.78,6.64,0.78,1281,-16.07,24.7
06-058,Üllés,57.01,29.13,1675,38.38,51.85,0.74,8.29,0.74,1894,-18.63,22.72
06-059,Zákányszék,66.54,19.99,1521,48.04,38.35,0.48,11.86,1.26,1661,-18.5,18.36
06-060,Zsombó,48.18,36.06,2030,32.65,56.78,0.78,8.83,0.95,2309,-15.53,20.72
07-001,Aba,67.48,22.09,2300,47.67,44.86,0.75,6.12,0.6,2664,-19.81,22.77
07-002,Adony,52.59,32.17,2126,35.64,55.24,1.25,7.09,0.78,2567,-16.95,23.07
07-003,Alap,70.58,20.37,928,55.57,37.83,1.18,5.02,0.39,1015,-15.01,17.46
07-004,Alcsútdoboz,73.42,17.3,873,57.34,37.15,0.65,4.64,0.22,926,-16.08,19.85
07-005,Alsószentiván,68.6,21.5,293,46.51,42.44,1.16,8.43,1.45,344,-22.09,20.94
07-006,Bakonycsernye,61.79,22.67,1756,42.88,47.96,0.9,7.52,0.74,1889,-18.91,25.29
07-007,Bakonykúti,40.62,45.83,96,25.51,65.31,1.02,8.16,0.0,98,-15.11,19.48
07-008,Balinka,65.08,19.27,441,44.51,43.56,0.76,10.42,0.76,528,-20.57,24.29
07-009,Baracs,47.28,41.74,1912,32.82,58.47,2.33,5.66,0.73,2191,-14.46,16.73
07-010,Baracska,57.08,31.17,1540,39.56,52.73,0.73,5.64,1.34,1792,-17.52,21.56
07-011,Beloiannisz,56.51,29.28,584,40.62,52.92,0.46,5.23,0.77,650,-15.89,23.64
07-012,Besnyő,57.83,28.66,984,39.12,52.82,1.13,6.07,0.87,1153,-18.71,24.16
07-013,Bicske,52.75,35.29,8146,40.85,51.42,1.12,5.24,1.36,6046,-11.9,16.13
07-014,Bodajk,55.89,28.47,2283,36.75,52.48,1.03,8.87,0.87,2536,-19.14,24.01
07-015,Bodmér,53.01,36.14,166,35.29,57.65,2.35,4.12,0.59,170,-17.72,21.51
07-016,Cece,76.69,14.96,1330,59.24,34.17,0.35,5.83,0.42,1440,-17.45,19.21
07-017,Csabdi,64.15,21.03,756,45.02,45.37,0.58,7.75,1.27,864,-19.13,24.34
07-018,Csákberény,67.46,17.53,713,48.6,40.05,0.77,9.82,0.77,784,-18.86,22.52
07-019,Csákvár,61.38,25.56,3001,44.04,47.22,0.57,7.01,1.17,3340,-17.34,21.66
07-020,Csókakő,59.89,26.15,910,42.72,46.5,0.49,8.83,1.46,1030,-17.17,20.35
07-021,Csór,59.07,25.51,1031,41.11,48.72,1.44,7.61,1.12,1248,-17.96,23.21
07-022,Csősz,64.96,20.7,488,44.35,45.66,0.49,8.84,0.65,611,-20.61,24.96
07-023,Dég,68.42,18.52,972,51.91,38.93,0.8,7.64,0.71,1125,-16.51,20.41
07-024,Dunaújváros,40.76,47.99,24951,30.09,61.81,1.91,5.29,0.9,24670,-10.67,13.82
07-025,Előszállás,62.6,24.76,1147,46.41,43.41,1.31,8.17,0.69,1297,-16.19,18.65
07-026,Enying,60.7,25.05,3178,43.91,44.42,0.79,10.04,0.85,3667,-16.79,19.37
07-027,Ercsi,60.11,29.77,4131,41.57,50.01,1.25,6.47,0.71,4655,-18.54,20.24
07-028,Etyek,53.57,34.92,2563,34.51,58.09,0.89,5.45,1.06,2918,-19.06,23.17
07-029,Fehérvárcsurgó,59.02,26.68,1203,40.89,48.64,1.67,7.89,0.91,1433,-18.13,21.96
07-030,Felcsút,70.59,20.07,1156,52.59,40.78,1.21,4.37,1.05,1236,-18.0,20.71
07-031,Füle,59.34,25.43,519,40.99,46.26,1.02,9.86,1.87,588,-18.35,20.83
07-032,Gánt,52.63,25.0,380,42.35,48.82,0.0,7.65,1.18,340,-10.28,23.82
07-033,Gárdony,47.62,39.98,7054,31.55,59.45,1.52,5.98,1.5,8378,-16.07,19.47
07-034,Gyúró,60.3,28.7,791,40.59,48.19,1.25,9.18,0.79,882,-19.71,19.49
07-035,Hantos,60.44,26.67,450,41.38,46.74,1.15,9.96,0.77,522,-19.06,20.07
07-036,Igar,75.89,19.39,423,51.36,42.35,0.84,5.03,0.42,477,-24.53,22.96
07-037,Iszkaszentgyörgy,48.8,33.97,1248,30.35,59.3,1.06,8.37,0.93,1506,-18.45,25.33
07-038,Isztimér,53.67,22.45,490,37.65,50.94,0.51,9.88,1.02,587,-16.02,28.49
07-039,Iváncsa,56.46,32.69,1456,39.48,53.06,0.65,6.29,0.53,1702,-16.98,20.37
07-040,Jenő,68.63,19.0,663,46.88,45.19,0.13,7.01,0.78,770,-21.75,26.19
07-041,Kajászó,62.85,25.85,708,40.52,50.56,0.74,6.94,1.24,807,-22.33,24.71
07-042,Káloz,68.43,19.87,1213,52.59,38.16,0.44,8.3,0.51,1373,-15.84,18.29
07-043,Kápolnásnyék,52.22,35.39,2413,35.05,56.01,1.55,6.1,1.29,2705,-17.17,20.62
07-044,Kincsesbánya,56.61,27.68,885,40.96,50.64,1.17,6.28,0.96,940,-15.65,22.96
07-045,Kisapostag,50.64,37.02,932,32.67,57.2,1.39,7.75,0.99,1007,-17.97,20.18
07-046,Kisláng,75.07,14.41,1055,55.82,35.83,0.39,7.49,0.47,1281,-19.25,21.42
07-047,Kőszárhegy,54.25,29.3,918,32.48,56.0,0.94,8.88,1.7,1059,-21.77,26.7
07-048,Kulcs,47.61,38.72,1880,32.44,59.68,0.98,6.0,0.89,2349,-15.17,20.96
07-049,Lajoskomárom,59.95,26.85,1136,42.06,46.9,0.63,9.21,1.19,1260,-17.89,20.05
07-050,Lepsény,63.46,22.08,1549,44.74,44.02,1.44,8.8,1.0,1806,-18.72,21.94
07-051,Lovasberény,59.87,26.3,1525,44.02,48.21,0.5,6.2,1.06,1790,-15.85,21.91
07-052,Magyaralmás,60.41,27.15,1013,42.59,46.92,0.64,8.83,1.01,1087,-17.82,19.77
07-053,Martonvásár,49.22,37.8,3267,34.81,56.48,1.4,6.1,1.21,3637,-14.41,18.68
07-054,Mány,58.04,19.83,1306,47.23,44.99,0.75,6.58,0.45,1338,-10.81,25.16
07-055,Mátyásdomb,71.54,19.51,369,47.72,42.93,0.24,8.87,0.24,417,-23.82,23.42
07-056,Mezőfalva,51.24,32.13,2213,37.18,53.01,1.27,7.68,0.85,2590,-14.06,20.88
07-057,Mezőkomárom,69.06,19.96,446,51.17,38.28,1.76,7.62,1.17,512,-17.89,18.32
07-058,Mezőszentgyörgy,67.53,21.77,542,46.05,45.6,1.34,6.11,0.89,671,-21.48,23.83
07-059,Mezőszilas,71.94,19.06,955,55.52,36.4,0.74,6.5,0.84,1077,-16.42,17.34
07-060,Moha,48.15,30.25,324,39.07,49.87,0.26,10.03,0.77,389,-9.08,19.62
07-061,Mór,54.83,29.06,8000,38.84,51.8,0.92,7.66,0.78,8594,-15.99,22.74
07-062,Nadap,54.65,32.22,419,32.16,59.26,1.56,6.24,0.78,513,-22.49,27.04
07-063,Nagykarácsony,65.82,22.74,708,44.16,46.45,0.51,8.76,0.13,788,-21.66,23.71
07-064,Nagylók,58.35,29.48,485,45.55,47.73,0.34,6.22,0.17,595,-12.8,18.25
07-065,Nagyveleg,68.81,14.95,388,51.15,38.02,0.92,9.68,0.23,434,-17.66,23.07
07-066,Nagyvenyim,45.37,41.91,2453,31.51,61.6,1.31,4.97,0.62,2755,-13.86,19.69
07-067,Nádasdladány,56.42,26.32,927,38.97,50.95,0.86,8.27,0.95,1052,-17.45,24.63
07-068,Óbarok,58.97,30.13,468,36.65,53.38,0.94,8.27,0.75,532,-22.32,23.25
07-069,Pákozd,57.63,29.14,2169,37.55,54.61,0.51,6.78,0.55,2551,-20.08,25.47
07-070,Pátka,60.88,26.78,997,45.42,47.81,1.16,4.71,0.91,1211,-15.46,21.03
07-071,Pázmánd,52.25,35.51,1380,35.7,55.77,0.72,7.17,0.65,1535,-16.55,20.26
07-072,Perkáta,57.59,31.98,1851,39.67,50.97,1.3,7.41,0.65,2158,-17.92,18.99
07-073,Polgárdi,64.91,23.96,3309,44.37,46.96,0.67,6.98,1.03,3899,-20.54,23.0
07-074,Pusztaszabolcs,59.35,29.63,3004,41.24,50.14,0.91,6.91,0.8,3620,-18.11,20.51
07-075,Pusztavám,51.6,22.38,1403,39.72,50.9,1.18,7.15,1.04,1440,-11.88,28.52
07-076,Rácalmás,43.22,44.46,2809,29.78,62.82,1.53,5.4,0.47,3203,-13.44,18.36
07-077,Ráckeresztúr,60.48,28.3,1827,38.77,53.63,0.49,6.59,0.53,2262,-21.71,25.33
07-078,Sárbogárd,62.84,27.7,7564,50.13,41.77,1.11,6.41,0.58,7225,-12.71,14.07
07-079,Sáregres,72.36,19.47,416,56.18,37.76,1.17,4.43,0.47,429,-16.18,18.29
07-080,Sárkeresztes,54.5,33.16,989,37.75,52.43,1.91,7.24,0.67,1049,-16.75,19.27
07-081,Sárkeresztúr,79.86,13.08,864,65.14,29.65,0.64,3.83,0.74,941,-14.72,16.57
07-082,Sárkeszi,54.43,28.13,327,42.59,47.62,1.59,7.41,0.79,378,-11.84,19.49
07-083,Sárosd,67.39,24.93,1512,46.16,46.72,0.56,5.78,0.78,1798,-21.23,21.79
07-084,Sárszentágota,76.87,14.1,787,55.66,35.57,0.23,7.16,1.39,866,-21.21,21.47
07-085,Sárszentmihály,54.78,29.9,1716,37.35,53.2,0.65,7.8,1.0,2000,-17.43,23.3
07-086,Seregélyes,62.88,24.95,2365,44.64,46.7,0.9,7.02,0.75,2679,-18.24,21.75
07-087,Soponya,69.57,20.25,963,50.78,39.45,0.64,7.95,1.19,1095,-18.79,19.2
07-088,Söréd,66.67,21.3,324,44.26,46.45,0.27,8.2,0.82,366,-22.41,25.15
07-089,Sukoró,48.87,38.29,1191,35.36,57.8,0.49,5.29,1.06,1417,-13.51,19.51
07-090,Szabadbattyán,59.87,28.09,2599,42.81,48.14,1.4,6.55,1.1,3006,-17.06,20.05
07-091,Szabadegyháza,59.52,27.54,1082,39.14,54.03,0.65,5.7,0.49,1229,-20.38,26.49
07-092,Szabadhídvég,73.16,15.54,354,54.57,36.54,0.49,8.4,0.0,405,-18.59,21.0
07-093,Szár,46.88,26.51,1026,38.45,53.03,0.88,6.56,1.08,1022,-8.43,26.52
07-094,Székesfehérvár,47.38,40.12,58931,34.17,57.66,1.56,5.48,1.13,59363,-13.21,17.54
07-095,Tabajd,72.46,18.12,552,52.6,40.91,0.65,5.19,0.65,616,-19.86,22.79
07-096,Tác,63.75,23.52,982,42.76,47.82,1.16,7.29,0.98,1125,-20.99,24.3
07-097,Tordas,48.91,38.29,1196,32.57,58.93,0.64,6.43,1.43,1400,-16.34,20.64
07-098,Újbarok,50.54,24.01,279,43.31,48.59,0.35,4.93,2.82,284,-7.23,24.58
07-099,Úrhida,48.95,35.11,1481,31.45,58.35,1.3,7.32,1.57,1844,-17.5,23.24
07-100,Vajta,62.85,21.37,393,43.69,44.63,0.7,10.28,0.7,428,-19.16,23.26
07-101,Vál,66.1,23.3,1472,45.22,48.13,0.93,5.31,0.41,1714,-20.88,24.83
07-102,Velence,48.42,39.56,4135,32.62,59.37,1.29,5.55,1.17,4886,-15.8,19.81
07-103,Vereb,65.01,23.76,463,46.79,46.39,0.6,6.22,0.0,498,-18.22,22.63
07-104,Vértesacsa,67.19,18.57,948,55.45,40.79,0.27,2.38,1.1,1091,-11.74,22.22
07-105,Vértesboglár,54.5,22.2,545,44.37,46.97,0.69,6.93,1.04,577,-10.13,24.77
07-106,Zámoly,59.58,24.69,1284,40.87,46.73,1.03,9.86,1.52,1451,-18.71,22.04
07-107,Zichyújfalu,74.56,18.15,507,50.98,43.34,0.53,4.62,0.53,563,-23.58,25.19
07-108,Daruszentmiklós,66.38,21.05,589,47.92,42.73,1.48,7.12,0.74,674,-18.46,21.68
08-001,Abda,55.46,31.91,1868,37.86,54.55,1.17,5.55,0.89,2145,-17.6,22.64
08-002,Acsalag,75.23,15.29,327,49.86,43.02,1.14,4.84,1.14,351,-25.37,27.73
08-003,Agyagosszergény,65.04,23.03,595,44.7,46.52,0.45,8.18,0.15,660,-20.34,23.49
08-004,Ágfalva,52.17,26.48,1265,40.46,51.63,0.76,6.66,0.49,1441,-11.71,25.15
08-005,Árpás,69.81,22.01,159,48.11,41.08,1.62,8.11,1.08,185,-21.7,19.07
08-006,Ásványráró,64.57,25.37,1163,49.45,43.83,0.37,5.99,0.37,1369,-15.12,18.46
08-007,Babót,64.73,24.15,621,44.28,47.45,1.1,5.93,1.24,725,-20.45,23.3
08-008,Bakonygyirót,61.54,28.85,104,41.82,49.09,0.0,9.09,0.0,110,-19.72,20.24
08-009,Bakonypéterd,75.0,14.29,168,51.26,40.2,1.51,6.53,0.5,199,-23.74,25.91
08-010,Bakonyszentlászló,62.26,23.75,901,42.95,47.91,1.46,7.39,0.29,1029,-19.31,24.16
08-011,Barbacs,67.35,22.15,438,51.88,40.38,1.26,5.23,1.26,478,-15.47,18.23
08-012,Bágyogszovát,72.22,16.79,792,54.48,37.72,0.23,7.1,0.47,859,-17.74,20.93
08-013,Beled,67.18,24.3,1502,49.82,43.42,0.86,5.6,0.31,1626,-17.36,19.12
08-014,Bezenye,66.72,17.44,688,53.65,40.68,0.49,5.02,0.16,617,-13.07,23.24
08-015,Bezi,64.85,20.82,293,43.9,48.26,1.45,5.52,0.87,344,-20.95,27.44
08-016,Bodonhely,68.53,13.71,197,56.22,36.91,0.0,6.87,0.0,233,-12.31,23.2
08-017,Bogyoszló,66.48,24.73,364,48.0,46.0,0.25,5.5,0.25,400,-18.48,21.27
08-018,Börcs,54.37,33.24,743,33.93,58.59,0.78,5.92,0.78,896,-20.44,25.35
08-019,Bőny,61.49,26.77,1158,43.3,49.42,0.58,6.26,0.44,1374,-18.19,22.65
08-020,Bősárkány,72.55,19.43,1297,55.4,35.88,0.76,7.08,0.89,1455,-17.15,16.45
08-021,Cakóháza,82.35,11.76,34,71.88,28.12,0.0,0.0,0.0,32,-10.47,16.36
08-022,Cirák,81.54,11.08,325,60.92,33.05,0.0,5.46,0.57,348,-20.62,21.97
08-023,Csapod,74.44,13.74,313,52.86,33.85,1.3,11.98,0.0,384,-21.58,20.11
08-024,Csáfordjánosfa,63.08,24.62,130,50.42,42.02,0.0,7.56,0.0,119,-12.66,17.4
08-025,Csér,39.13,34.78,23,22.73,68.18,0.0,9.09,0.0,22,-16.4,33.4
08-026,Csikvánd,76.92,16.12,273,59.02,34.75,0.66,5.25,0.33,305,-17.9,18.63
08-027,Csorna,61.92,28.7,7027,47.02,46.39,0.9,5.15,0.54,5570,-14.9,17.69
08-028,Darnózseli,60.81,27.97,944,45.09,45.95,0.87,7.23,0.87,1038,-15.72,17.98
08-029,Dénesfa,65.79,23.25,228,48.36,44.26,2.46,4.92,0.0,244,-17.43,21.01
08-030,Dör,71.89,18.65,370,52.75,41.75,0.5,4.75,0.25,400,-19.14,23.1
08-031,Dunakiliti,62.55,27.39,964,46.54,46.07,0.76,5.78,0.85,1055,-16.01,18.68
08-032,Dunaremete,57.99,25.44,169,38.25,50.27,2.19,8.2,1.09,183,-19.74,24.83
08-033,Dunaszeg,57.99,29.03,1340,40.83,52.1,0.83,5.61,0.64,1570,-17.16,23.07
08-034,Dunaszentpál,54.81,30.05,416,35.48,59.13,0.62,4.15,0.62,482,-19.33,29.08
08-035,Dunasziget,68.84,21.88,905,49.33,43.08,0.67,6.25,0.67,1040,-19.51,21.2
08-036,Ebergőc,76.34,20.43,93,51.46,35.92,0.97,11.65,0.0,103,-24.88,15.49
08-037,Edve,69.51,20.73,82,50.62,37.04,0.0,12.35,0.0,81,-18.89,16.31
08-038,Egyed,67.88,18.54,302,53.8,36.34,1.41,8.17,0.28,355,-14.08,17.8
08-039,Egyházasfalu,73.85,17.88,520,56.34,35.79,0.17,7.02,0.68,584,-17.51,17.91
08-040,Enese,67.57,23.2,1030,43.29,49.51,0.57,5.97,0.65,1222,-24.28,26.31
08-041,Écs,60.14,24.46,1247,36.67,53.13,0.75,8.84,0.61,1470,-23.47,28.67
08-042,Farád,74.94,18.09,1205,53.44,40.29,0.84,4.89,0.54,1308,-21.5,22.2
08-043,Fehértó,62.65,19.84,257,50.5,42.47,1.34,5.69,0.0,299,-12.15,22.63
08-044,Feketeerdő,50.0,36.76,340,36.02,51.39,1.26,9.82,1.51,397,-13.98,14.63
08-045,Felpéc,60.44,26.68,551,40.99,50.24,0.48,7.5,0.8,627,-19.45,23.56
08-046,Fenyőfő,59.09,29.55,44,42.86,46.43,0.0,10.71,0.0,56,-16.23,16.88
08-047,Fertőboz,61.99,28.65,171,38.24,52.94,2.45,5.88,0.49,204,-23.75,24.29
08-048,Fertőd,63.16,25.33,1946,44.86,45.78,1.2,7.6,0.56,2158,-18.3,20.45
08-049,Fertőendréd,68.25,17.25,400,52.0,37.65,0.24,9.41,0.71,425,-16.25,20.4
08-050,Fertőhomok,56.53,27.24,536,40.6,51.58,0.67,6.32,0.83,601,-15.93,24.34
08-051,Fertőrákos,47.07,34.64,1247,35.61,55.24,1.2,7.18,0.77,1421,-11.46,20.6
08-052,Fertőszentmiklós,63.75,23.37,2375,46.16,45.04,0.64,7.64,0.52,2669,-17.59,21.67
08-053,Fertőszéplak,65.26,22.89,734,40.4,50.69,0.53,7.64,0.74,943,-24.86,27.8
08-054,Gönyű,60.89,24.42,1777,42.72,49.58,0.83,6.18,0.69,2039,-18.17,25.16
08-055,Gyalóka,69.77,20.93,43,28.57,71.43,0.0,0.0,0.0,56,-41.2,50.5
08-056,Gyarmat,69.53,20.57,768,47.87,44.04,0.9,6.18,1.01,890,-21.66,23.47
08-057,Gyóró,75.32,14.29,231,57.92,33.48,1.81,5.88,0.9,221,-17.4,19.19
08-058,Gyömöre,69.01,18.47,639,48.97,43.46,1.03,6.28,0.26,780,-20.04,24.99
08-059,Győr,50.19,38.04,71295,34.12,58.45,1.22,5.4,0.81,73594,-16.07,20.41
08-060,Győrasszonyfa,72.28,20.6,267,50.66,41.72,1.32,5.63,0.66,302,-21.62,21.12
08-061,Győrladamér,54.29,32.88,1037,35.41,57.26,0.63,6.15,0.55,1268,-18.88,24.38
08-062,Győrság,65.64,19.93,908,44.24,45.11,0.52,9.42,0.7,1146,-21.4,25.18
08-063,Győrsövényház,61.7,17.73,423,43.51,48.7,0.43,5.41,1.95,462,-18.19,30.97
08-064,Győrszemere,62.7,24.76,1874,41.67,50.9,0.59,6.17,0.68,2220,-21.03,26.14
08-065,Győrújbarát,54.58,33.54,4601,32.84,59.3,0.83,6.15,0.88,5447,-21.74,25.76
08-066,Győrújfalu,57.97,29.02,1399,37.15,56.23,0.44,5.23,0.94,1588,-20.82,27.21
08-067,Győrzámoly,53.48,30.87,2057,33.57,58.28,0.79,6.8,0.55,2529,-19.91,27.41
08-068,Halászi,61.54,28.17,1828,41.57,50.39,0.55,6.47,1.02,2165,-19.97,22.22
08-069,Harka,53.25,31.03,1679,35.52,54.71,0.68,8.65,0.44,2058,-17.73,23.68
08-070,Hegyeshalom,57.06,30.85,1812,41.74,51.62,0.65,5.19,0.8,2003,-15.32,20.77
08-071,Hegykő,69.39,19.08,954,44.9,46.51,0.81,6.71,1.07,1118,-24.49,27.43
08-072,Hédervár,57.04,31.69,710,38.59,54.26,0.58,5.99,0.58,868,-18.45,22.57
08-073,Hidegség,57.09,27.61,268,39.93,50.69,0.35,8.68,0.35,288,-17.16,23.08
08-074,Himod,72.93,12.98,362,51.95,34.15,0.98,12.68,0.24,410,-20.98,21.17
08-075,Hövej,79.17,12.04,216,48.12,40.59,0.42,10.46,0.42,239,-31.05,28.55
08-076,Ikrény,51.41,34.3,1099,32.93,58.7,0.89,6.75,0.73,1230,-18.48,24.4
08-077,Iván,74.24,17.87,621,51.22,41.61,1.15,5.88,0.14,697,-23.02,23.74
08-078,Jánossomorja,67.3,22.89,3202,49.9,41.64,1.04,6.65,0.76,3667,-17.4,18.75
08-079,Jobaháza,71.52,22.6,323,56.35,37.15,1.86,4.02,0.62,323,-15.17,14.55
08-080,Kajárpéc,68.09,18.3,705,47.01,44.03,0.5,7.84,0.62,804,-21.08,25.73
08-081,Kapuvár,64.62,24.64,6014,45.83,46.17,0.88,6.64,0.48,6396,-18.79,21.53
08-082,Kimle,60.36,23.34,1221,47.08,45.97,0.52,5.18,1.26,1351,-13.28,22.63
08-083,Kisbabot,73.75,15.0,160,50.0,39.1,0.64,8.97,1.28,156,-23.75,24.1
08-084,Kisbajcs,55.52,27.5,589,37.65,53.23,1.66,6.8,0.66,603,-17.87,25.73
08-085,Kisbodak,64.14,24.47,237,40.85,49.36,0.85,5.96,2.98,235,-23.29,24.89
08-086,Kisfalud,75.16,15.85,467,56.31,35.67,0.6,6.81,0.6,499,-18.85,19.82
08-087,Koroncó,64.82,24.41,1319,41.34,51.57,0.88,5.52,0.69,1594,-23.48,27.16
08-088,Kóny,63.71,26.22,1579,41.74,49.94,1.12,6.64,0.56,1792,-21.97,23.72
08-089,Kópháza,53.83,29.98,1254,40.09,50.75,0.57,7.66,0.93,1397,-13.74,20.77
08-090,Kunsziget,56.37,29.0,793,36.84,54.49,0.72,6.19,1.75,969,-19.53,25.49
08-091,Lázi,57.68,27.72,267,43.83,49.03,0.97,6.17,0.0,308,-13.85,21.31
08-092,Levél,57.25,26.47,1020,35.47,56.66,0.42,7.04,0.42,1435,-21.78,30.19
08-093,Lébény,61.63,25.45,1780,45.51,47.67,0.6,5.57,0.65,1993,-16.12,22.22
08-094,Lipót,62.61,26.09,460,46.52,48.78,0.75,3.77,0.19,531,-16.09,22.69
08-095,Lövő,59.82,28.52,866,44.85,48.49,0.83,5.31,0.52,961,-14.97,19.97
08-096,Maglóca,75.0,17.31,52,52.54,38.98,3.39,5.08,0.0,59,-22.46,21.67
08-097,Magyarkeresztúr,72.9,17.56,262,52.98,42.81,0.35,3.16,0.7,285,-19.92,25.25
08-098,Markotabödöge,75.43,12.46,289,56.18,33.82,0.59,9.12,0.29,340,-19.25,21.36
08-099,Máriakálnok,61.61,26.95,1128,42.6,51.75,0.57,4.43,0.64,1399,-19.01,24.8
08-100,Mecsér,65.96,21.11,379,47.82,46.6,0.49,4.61,0.49,412,-18.14,25.49
08-101,Mezőörs,70.52,17.92,519,49.68,40.61,0.64,8.43,0.64,783,-20.84,22.69
08-102,Mérges,83.87,9.68,62,52.05,35.62,0.0,10.96,1.37,73,-31.82,25.94
08-103,Mihályi,77.94,14.9,698,61.1,30.28,0.94,7.0,0.67,743,-16.84,15.38
08-104,Mosonmagyaróvár,50.82,37.81,18196,36.02,56.54,1.22,5.39,0.83,18780,-14.8,18.73
08-105,Mosonszentmiklós,63.81,24.4,1365,43.81,46.04,0.85,8.82,0.48,1655,-20.0,21.64
08-106,Mosonszolnok,64.15,27.38,968,44.54,47.93,0.76,6.01,0.76,1181,-19.61,20.55
08-107,Mórichida,76.25,14.94,522,53.96,38.49,0.18,6.26,1.1,543,-22.29,23.55
08-108,Nagybajcs,58.95,24.96,665,39.42,49.94,0.63,9.38,0.63,789,-19.53,24.98
08-109,Nagycenk,56.09,29.97,1478,37.1,55.09,0.43,6.69,0.7,1868,-18.99,25.12
08-110,Nagylózs,60.73,24.78,573,43.07,48.65,1.86,4.73,1.69,592,-17.66,23.87
08-111,Nagyszentjános,64.12,23.09,1048,43.05,51.15,0.89,4.54,0.37,1345,-21.07,28.06
08-112,Nemeskér,66.17,28.57,133,49.33,37.33,2.67,8.67,2.0,150,-16.84,8.76
08-113,Nyalka,59.74,26.95,308,40.48,46.43,2.98,8.33,1.79,336,-19.26,19.48
08-114,Nyúl,56.01,29.9,2669,37.26,55.03,0.51,6.55,0.64,3113,-18.75,25.13
08-115,Osli,68.42,17.93,513,52.89,36.05,0.68,9.69,0.68,588,-15.53,18.12
08-116,Öttevény,58.59,26.38,1763,40.23,51.32,0.76,6.92,0.76,1966,-18.36,24.94
08-117,Pannonhalma,61.74,25.8,1895,41.18,48.04,0.98,8.77,1.03,2144,-20.56,22.24
08-118,Páli,77.31,18.06,216,50.45,40.0,0.91,7.73,0.91,220,-26.86,21.94
08-119,Pásztori,67.22,25.56,180,50.79,40.84,1.05,6.81,0.52,191,-16.43,15.28
08-120,Pázmándfalu,59.79,23.74,577,40.65,53.12,0.95,4.61,0.68,738,-19.14,29.38
08-121,Pereszteg,64.85,23.9,862,45.28,47.39,0.4,6.53,0.4,996,-19.57,23.49
08-122,Petőháza,59.97,24.74,667,42.97,47.26,0.67,8.43,0.67,747,-17.0,22.52
08-123,Pér,58.79,27.71,1400,36.84,54.53,0.61,7.23,0.79,1645,-21.95,26.82
08-124,Pinnye,67.86,17.86,224,45.49,37.3,1.23,13.93,2.05,244,-22.37,19.44
08-125,Potyond,78.79,10.61,66,63.89,33.33,1.39,1.39,0.0,72,-14.9,22.72
08-126,Pusztacsalád,79.23,12.02,183,59.9,33.5,0.51,6.09,0.0,197,-19.33,21.48
08-127,Püski,61.04,23.9,385,47.11,43.78,0.22,7.78,1.11,450,-13.93,19.88
08-128,Rajka,58.69,25.15,990,50.55,43.84,0.5,4.6,0.5,999,-8.14,18.69
08-129,Ravazd,62.0,23.14,700,42.7,47.48,0.25,8.82,0.76,794,-19.3,24.34
08-130,Rábacsanak,64.72,25.89,309,47.32,45.35,0.85,5.35,1.13,355,-17.4,19.46
08-131,Rábacsécsény,73.02,18.53,367,54.48,36.32,1.28,7.42,0.51,391,-18.54,17.79
08-132,Rábakecöl,62.05,25.22,448,48.44,42.83,1.04,7.48,0.21,481,-13.61,17.61
08-133,Rábapatona,64.63,24.32,1538,43.23,50.08,0.62,5.3,0.77,1943,-21.4,25.76
08-134,Rábapordány,69.29,20.03,609,44.75,50.23,0.3,4.41,0.3,657,-24.54,30.2
08-135,Rábasebes,60.0,27.27,55,46.03,41.27,1.59,9.52,1.59,63,-13.97,14.0
08-136,Rábaszentandrás,75.71,14.29,280,58.52,32.48,1.29,7.07,0.64,311,-17.19,18.19
08-137,Rábaszentmihály,72.84,16.98,324,54.34,39.02,1.16,5.2,0.29,346,-18.5,22.04
08-138,Rábaszentmiklós,77.78,13.13,99,61.7,29.79,0.0,8.51,0.0,94,-16.08,16.66
08-139,Rábatamási,72.03,17.72,615,55.71,34.57,0.77,8.02,0.93,648,-16.32,16.85
08-140,Rábcakapi,76.77,12.12,99,60.36,28.83,0.9,9.91,0.0,111,-16.41,16.71
08-141,Répceszemere,76.67,16.67,180,60.23,34.5,0.58,4.09,0.58,171,-16.44,17.83
08-142,Répcevis,67.11,20.18,228,55.46,33.61,0.42,10.5,0.0,238,-11.65,13.43
08-143,Rétalap,76.71,16.44,292,56.47,37.85,0.63,4.1,0.95,317,-20.24,21.41
08-144,Románd,62.69,20.4,201,45.66,41.55,0.91,10.5,1.37,219,-17.03,21.15
08-145,Röjtökmuzsaj,72.14,13.36,262,52.86,32.66,1.01,13.13,0.34,297,-19.28,19.3
08-146,Sarród,73.91,18.26,575,49.07,40.97,0.47,8.41,1.09,642,-24.84,22.71
08-147,Sikátor,71.6,17.75,169,47.15,43.52,2.59,5.7,1.04,193,-24.45,25.77
08-148,Sobor,77.78,13.73,153,55.74,39.34,0.55,3.28,1.09,183,-22.04,25.61
08-149,Sokorópátka,72.29,15.92,628,47.75,38.9,0.42,12.5,0.42,712,-24.54,22.98
08-150,Sopron,51.06,35.4,34631,37.64,54.33,1.12,6.07,0.84,35006,-13.42,18.93
08-151,Sopronhorpács,68.62,19.63,545,55.03,36.29,0.68,8.01,0.0,587,-13.59,16.66
08-152,Sopronkövesd,60.05,27.13,811,42.81,46.38,0.92,9.38,0.51,981,-17.24,19.25
08-153,Sopronnémeti,58.18,32.73,165,40.34,51.14,1.14,6.25,1.14,176,-17.84,18.41
08-154,Szakony,71.05,21.8,266,54.72,38.11,1.13,5.66,0.38,265,-16.33,16.31
08-155,Szany,69.5,21.05,1259,53.56,37.53,0.82,7.94,0.15,1335,-15.94,16.48
08-156,Szárföld,74.14,16.37,611,51.45,39.69,1.07,6.72,1.07,655,-22.69,23.32
08-157,Szerecseny,73.1,14.29,420,49.9,36.78,1.19,11.13,0.99,503,-23.2,22.49
08-158,Szil,64.77,26.61,684,49.61,42.58,0.91,6.9,0.0,768,-15.16,15.97
08-159,Szilsárkány,74.71,16.86,427,55.13,38.95,0.0,5.47,0.46,439,-19.58,22.09
08-160,Tarjánpuszta,59.53,28.79,257,34.29,50.32,1.92,12.18,1.28,312,-25.24,21.53
08-161,Táp,64.76,23.57,420,44.62,48.61,0.4,5.18,1.2,502,-20.14,25.04
08-162,Tápszentmiklós,59.34,26.97,519,36.46,56.39,0.51,5.79,0.85,587,-22.88,29.42
08-163,Tárnokréti,69.75,18.49,119,47.54,45.08,1.64,4.92,0.82,122,-22.21,26.59
08-164,Tényő,63.7,24.82,967,43.13,49.05,0.34,6.44,1.03,1164,-20.57,24.23
08-165,Tét,71.2,18.18,2118,49.65,40.94,1.02,7.61,0.78,2445,-21.55,22.76
08-166,Töltéstava,58.65,27.89,1219,36.38,54.7,0.9,7.33,0.69,1446,-22.27,26.81
08-167,Und,55.81,33.49,215,48.84,44.19,1.86,3.72,1.4,215,-6.97,10.7
08-168,Újkér,73.78,15.97,576,55.03,34.91,0.63,8.18,1.26,636,-18.75,18.94
08-169,Újrónafő,59.95,27.96,422,41.63,48.37,2.04,7.35,0.61,490,-18.32,20.41
08-170,Vadosfa,88.68,3.77,53,66.67,28.07,0.0,5.26,0.0,57,-22.01,24.3
08-171,Vág,65.76,24.07,295,46.15,45.82,1.0,6.35,0.67,299,-19.61,21.75
08-172,Vámosszabadi,53.57,34.71,1553,29.86,62.34,0.9,5.98,0.9,1989,-23.71,27.63
08-173,Várbalog,72.77,18.31,213,63.51,33.65,0.95,1.9,0.0,211,-9.26,15.34
08-174,Vásárosfalu,72.64,13.21,106,47.57,42.72,0.97,7.77,0.97,103,-25.07,29.51
08-175,Veszkény,72.35,19.94,622,49.78,42.88,0.3,6.75,0.3,667,-22.57,22.94
08-176,Veszprémvarsány,59.11,27.66,582,38.13,50.95,0.95,8.39,1.58,632,-20.98,23.29
08-177,Vének,57.02,29.75,121,47.73,46.21,0.0,6.06,0.0,132,-9.29,16.46
08-178,Vitnyéd,64.24,23.53,850,46.56,44.27,0.62,7.81,0.73,960,-17.68,20.74
08-179,Völcsej,58.21,31.72,268,46.48,45.07,1.76,5.63,1.06,284,-11.73,13.35
08-180,Zsebeháza,59.34,28.57,91,49.52,44.76,0.95,4.76,0.0,105,-9.82,16.19
08-181,Zsira,59.4,26.07,399,42.56,48.37,0.93,8.14,0.0,430,-16.84,22.3
08-182,Károlyháza,67.38,24.47,282,57.78,38.62,0.6,2.69,0.3,334,-9.6,14.15
08-183,Mosonudvar,59.28,26.7,221,44.84,47.62,0.79,4.76,1.98,252,-14.44,20.92
09-001,Álmosd,67.36,26.65,818,50.48,45.17,0.64,3.71,0.0,943,-16.88,18.52
09-002,Ártánd,69.74,20.39,304,66.28,27.95,0.58,5.19,0.0,347,-3.46,7.56
09-003,Bagamér,73.54,20.15,1047,49.14,46.59,0.27,3.73,0.27,1099,-24.4,26.44
09-004,Bakonszeg,55.99,26.91,643,45.16,46.7,0.56,6.73,0.84,713,-10.83,19.79
09-005,Balmazújváros,58.86,28.28,9128,38.15,54.44,0.67,6.28,0.46,9831,-20.71,26.16
09-006,Báránd,64.97,25.02,1179,44.83,48.32,0.45,6.03,0.37,1343,-20.14,23.3
09-007,Bedő,83.91,7.47,174,70.41,27.04,0.0,2.04,0.51,196,-13.5,19.57
09-008,Berekböszörmény,79.47,14.04,755,66.79,25.95,1.11,5.66,0.49,813,-12.68,11.91
09-009,Berettyóújfalu,55.02,33.81,9009,38.69,53.43,0.98,6.26,0.64,8137,-16.33,19.62
09-010,Bihardancsháza,74.04,15.38,104,56.38,32.98,3.19,6.38,1.06,94,-17.66,17.6
09-011,Biharkeresztes,68.09,22.95,2109,59.67,35.79,0.46,3.71,0.38,2400,-8.42,12.84
09-012,Biharnagybajom,68.29,22.16,1047,47.12,42.23,0.6,9.79,0.26,1165,-21.17,20.07
09-013,Bihartorda,66.04,24.29,424,48.67,44.22,1.56,3.56,2.0,450,-17.37,19.93
09-014,Bocskaikert,56.27,30.16,2072,34.6,57.51,0.6,6.46,0.84,2509,-21.67,27.35
09-015,Bojt,81.62,12.82,234,67.61,28.98,0.57,2.84,0.0,176,-14.01,16.16
09-016,Csökmő,65.44,24.68,871,44.39,49.8,0.6,4.71,0.5,998,-21.05,25.12
09-017,Darvas,65.77,26.54,260,47.55,47.55,1.4,2.8,0.7,286,-18.22,21.01
09-018,Debrecen,50.81,37.25,111880,34.14,58.2,1.08,5.68,0.9,116224,-16.67,20.95
09-019,Derecske,66.52,22.68,4215,46.11,46.5,1.03,5.94,0.41,4849,-20.41,23.82
09-020,Ebes,55.81,31.72,2557,35.71,55.14,1.28,7.15,0.72,3047,-20.1,23.42
09-021,Egyek,71.85,20.57,2178,52.96,40.15,0.48,6.16,0.24,2498,-18.89,19.58
09-022,Esztár,77.46,16.72,670,57.38,38.21,0.28,4.0,0.14,725,-20.08,21.49
09-023,Folyás,63.91,26.32,133,38.85,53.5,1.27,6.37,0.0,157,-25.06,27.18
09-024,Földes,66.31,22.49,2063,45.49,44.55,0.73,8.84,0.38,2341,-20.82,22.06
09-025,Furta,63.55,26.74,546,43.66,50.39,0.63,5.01,0.31,639,-19.89,23.65
09-026,Fülöp,75.09,17.31,803,54.16,39.07,0.48,5.82,0.48,842,-20.93,21.76
09-027,Gáborján,82.51,12.56,406,63.47,30.91,0.7,4.45,0.47,427,-19.04,18.35
09-028,Görbeháza,61.88,25.58,1212,42.63,48.95,1.26,6.39,0.77,1424,-19.25,23.37
09-029,Hajdúbagos,68.21,20.74,950,45.31,45.95,0.91,6.92,0.91,1099,-22.9,25.21
09-030,Hajdúböszörmény,55.79,31.31,16743,37.48,53.18,0.8,7.92,0.62,17015,-18.31,21.87
09-031,Hajdúdorog,66.53,24.41,4252,47.14,45.64,1.58,5.34,0.3,4741,-19.39,21.23
09-032,Hajdúhadház,72.19,19.27,5091,51.31,42.07,0.54,5.77,0.31,5890,-20.88,22.8
09-033,Hajdúnánás,56.33,32.36,8399,39.09,52.42,1.53,6.27,0.7,9561,-17.24,20.06
09-034,Hajdúsámson,64.17,24.51,6639,42.05,51.53,0.74,5.14,0.55,8256,-22.12,27.02
09-035,Hajdúszoboszló,52.86,33.97,14114,37.5,54.52,0.81,6.54,0.63,13807,-15.36,20.55
09-036,Hajdúszovát,68.97,22.55,1286,50.98,40.95,0.75,6.78,0.54,1475,-17.99,18.4
09-037,Hencida,80.44,11.33,450,71.63,22.7,0.47,4.96,0.24,423,-8.81,11.37
09-038,Hortobágy,51.14,37.48,747,36.55,55.57,1.13,6.51,0.25,799,-14.59,18.09
09-039,Hosszúpályi,70.98,20.2,2495,50.48,41.65,0.92,6.28,0.67,2706,-20.5,21.45
09-040,Kaba,64.87,24.19,2852,47.5,42.81,0.63,8.39,0.66,3158,-17.37,18.62
09-041,Kismarja,80.68,14.58,528,72.13,23.44,0.66,3.44,0.33,610,-8.55,8.86
09-042,Kokad,79.4,14.61,267,66.67,26.33,1.67,5.0,0.33,300,-12.73,11.72
09-043,Komádi,69.09,21.15,2255,49.84,43.67,0.49,5.59,0.41,2434,-19.25,22.52
09-044,Konyár,77.98,14.36,822,59.5,33.94,0.45,5.43,0.68,884,-18.48,19.58
09-045,Körösszakál,71.01,21.74,345,55.08,40.0,0.62,4.31,0.0,325,-15.93,18.26
09-046,Körösszegapáti,64.88,20.45,484,52.82,39.25,0.63,7.1,0.21,479,-12.06,18.8
09-047,Létavértes,68.75,24.89,3085,49.43,44.45,0.64,5.09,0.38,3435,-19.32,19.56
09-048,Magyarhomorog,64.86,22.85,407,53.39,41.36,0.0,5.25,0.0,457,-11.47,18.51
09-049,Mezőpeterd,70.0,24.0,300,61.08,34.09,0.85,3.69,0.28,352,-8.92,10.09
09-050,Mezősas,64.55,25.0,268,45.13,46.57,0.72,6.14,1.44,277,-19.42,21.57
09-051,Mikepércs,62.85,25.7,2576,39.03,52.16,0.68,7.62,0.52,3085,-23.82,26.46
09-052,Monostorpályi,62.66,23.22,999,44.08,47.7,1.05,6.77,0.4,1241,-18.58,24.48
09-053,Nagyhegyes,60.0,25.17,1605,42.98,48.0,0.76,7.88,0.38,1852,-17.02,22.83
09-054,Nagykereki,84.14,9.7,536,65.7,30.38,0.68,3.24,0.0,586,-18.44,20.68
09-055,Nagyrábé,67.18,21.47,969,51.35,40.82,0.47,7.18,0.19,1073,-15.83,19.35
09-056,Nádudvar,63.46,26.44,4127,46.2,46.49,0.74,6.16,0.4,4706,-17.26,20.05
09-057,Nyíracsád,70.11,22.19,1897,48.96,45.33,0.66,4.44,0.61,2118,-21.15,23.14
09-058,Nyíradony,70.98,20.57,3777,43.3,49.58,0.44,6.12,0.57,3677,-27.68,29.01
09-059,Nyírábrány,70.68,19.23,1685,52.3,40.66,0.16,6.16,0.73,1916,-18.38,21.43
09-060,Nyírmártonfalva,70.54,21.5,1042,45.93,47.99,0.69,4.97,0.43,1167,-24.61,26.49
09-061,Pocsaj,78.25,16.25,1163,61.68,32.96,0.56,4.8,0.0,1250,-16.57,16.71
09-062,Polgár,57.17,30.85,3523,39.3,51.52,2.01,6.54,0.63,3975,-17.87,20.67
09-063,Püspökladány,58.64,28.95,7367,40.53,52.2,0.82,6.02,0.42,8013,-18.11,23.25
09-064,Sáp,80.36,8.93,336,65.66,26.65,0.27,7.14,0.27,364,-14.7,17.72
09-065,Sáránd,63.97,26.01,1088,41.41,50.87,0.95,5.8,0.95,1258,-22.56,24.86
09-066,Sárrétudvari,73.15,19.59,1419,51.61,42.34,0.9,4.76,0.39,1554,-21.54,22.75
09-067,Szentpéterszeg,65.65,24.46,556,47.54,44.83,0.48,6.84,0.32,629,-18.11,20.37
09-068,Szerep,81.07,16.96,507,65.6,29.41,0.89,3.92,0.18,561,-15.47,12.45
09-069,Tetétlen,69.74,20.39,618,49.71,42.57,0.29,7.29,0.14,700,-20.03,22.18
09-070,Téglás,58.31,31.29,3145,37.96,54.13,0.81,6.82,0.29,3841,-20.35,22.84
09-071,Tépe,72.56,16.92,532,50.59,43.53,0.34,5.38,0.17,595,-21.97,26.61
09-072,Tiszacsege,68.97,23.27,1985,53.7,40.14,0.73,5.11,0.32,2190,-15.27,16.87
09-073,Tiszagyulaháza,63.36,21.21,363,40.7,47.71,1.89,8.09,1.62,371,-22.66,26.5
09-074,Told,94.0,6.0,100,70.53,28.42,0.0,1.05,0.0,95,-23.47,22.42
09-075,Újiráz,63.94,23.42,269,49.05,44.49,2.28,3.04,1.14,263,-14.89,21.07
09-076,Újléta,78.45,18.41,478,50.82,44.88,0.2,4.1,0.0,488,-27.63,26.47
09-077,Újszentmargita,71.39,19.8,692,52.32,40.21,1.64,5.08,0.75,669,-19.07,20.41
09-078,Újtikos,62.44,22.01,418,40.86,48.46,1.03,9.03,0.62,487,-21.58,26.45
09-079,Vámospércs,66.61,23.57,2728,42.49,50.85,0.69,5.52,0.46,3062,-24.12,27.28
09-080,Váncsod,67.96,24.81,540,52.55,44.81,0.16,2.31,0.16,607,-15.41,20.0
09-081,Vekerd,72.97,20.27,74,54.93,35.21,2.82,7.04,0.0,71,-18.04,14.94
09-082,Zsáka,65.87,26.38,671,48.83,46.77,0.0,4.4,0.0,727,-17.04,20.39
10-001,Abasár,51.95,36.93,1438,37.06,54.0,0.75,7.25,0.94,1600,-14.89,17.07
10-002,Adács,62.56,25.42,1357,46.61,45.59,0.75,6.72,0.34,1474,-15.95,20.17
10-003,Aldebrő,48.77,28.57,406,35.0,51.67,0.71,12.38,0.24,420,-13.77,23.1
10-004,Andornaktálya,51.69,34.76,1594,30.07,60.14,0.87,8.22,0.7,1716,-21.62,25.38
10-005,Apc,55.21,32.94,1190,38.14,51.54,0.75,9.09,0.48,1463,-17.07,18.6
10-006,Atkár,53.31,34.45,1013,35.79,53.73,1.73,8.23,0.52,1154,-17.52,19.28
10-007,Átány,85.44,8.07,570,67.61,22.41,1.13,8.66,0.19,531,-17.83,14.34
10-008,Balaton,57.58,28.89,488,36.4,54.41,1.08,7.93,0.18,555,-21.18,25.52
10-009,Bátor,52.86,28.63,227,35.66,53.1,0.0,9.69,1.55,258,-17.2,24.47
10-010,Bekölce,67.66,21.78,303,48.2,44.91,0.0,6.29,0.6,334,-19.46,23.13
10-011,Besenyőtelek,66.91,25.19,1215,51.31,43.5,0.28,4.63,0.28,1446,-15.6,18.31
10-012,Bélapátfalva,58.95,30.34,1391,41.22,50.7,1.19,6.36,0.53,1509,-17.73,20.36
10-013,Boconád,57.59,30.08,665,40.16,49.34,1.31,8.53,0.66,762,-17.43,19.26
10-014,Bodony,66.08,23.94,401,53.94,38.93,2.04,5.09,0.0,393,-12.14,14.99
10-015,Boldog,66.75,21.03,1612,43.9,46.34,0.43,9.17,0.16,1843,-22.85,25.31
10-016,Bükkszenterzsébet,68.91,22.18,505,54.88,34.96,0.59,9.18,0.39,512,-14.03,12.78
10-017,Bükkszentmárton,67.18,25.19,131,46.67,47.5,0.83,3.33,1.67,120,-20.51,22.31
10-018,Bükkszék,54.99,35.5,431,40.6,50.12,1.16,7.42,0.7,431,-14.39,14.62
10-019,Csány,71.13,20.58,1001,51.37,38.89,0.82,8.38,0.55,1098,-19.76,18.31
10-020,Demjén,53.22,31.29,342,37.41,53.58,1.62,6.24,1.15,433,-15.81,22.29
10-021,Detk,53.04,29.71,626,38.31,53.39,1.24,6.78,0.28,723,-14.73,23.68
10-022,Domoszló,55.34,30.81,1068,38.16,50.41,1.73,8.63,1.07,1216,-17.18,19.6
10-023,Dormánd,67.53,24.68,462,47.44,46.06,1.57,4.33,0.59,508,-20.09,21.38
10-024,Ecséd,60.22,27.52,1664,41.7,49.59,0.97,7.58,0.15,1952,-18.52,22.07
10-025,Eger,46.21,41.72,31544,32.11,59.67,1.3,6.15,0.77,30587,-14.1,17.95
10-026,Egerbakta,75.88,16.79,792,60.53,33.33,0.69,4.86,0.58,864,-15.35,16.54
10-027,Egerbocs,62.5,20.62,320,46.13,39.01,1.24,13.62,0.0,323,-16.37,18.39
10-028,Egercsehi,57.92,28.05,606,41.21,51.99,1.18,5.17,0.44,677,-16.71,23.94
10-029,Egerfarmos,63.09,27.76,317,44.66,48.49,2.19,4.11,0.55,365,-18.43,20.73
10-030,Egerszalók,55.61,32.89,1122,38.95,52.7,0.74,6.87,0.74,1222,-16.66,19.81
10-031,Egerszólát,48.59,36.36,638,34.82,55.54,0.58,8.78,0.29,695,-13.77,19.18
10-032,Erdőkövesd,65.37,25.24,309,49.26,43.03,0.89,5.93,0.89,337,-16.11,17.79
10-033,Erdőtelek,70.86,22.86,1400,51.81,40.82,0.87,6.43,0.07,1492,-19.05,17.96
10-034,Erk,81.9,14.29,315,62.76,34.44,0.51,2.3,0.0,392,-19.14,20.15
10-035,Fedémes,75.41,15.3,183,57.46,32.6,0.0,9.39,0.55,181,-17.95,17.3
10-036,Feldebrő,58.52,26.05,499,42.56,48.62,0.87,7.61,0.35,578,-15.96,22.57
10-037,Felsőtárkány,50.17,35.06,2005,36.17,55.93,0.84,6.7,0.36,2253,-14.0,20.87
10-038,Füzesabony,58.11,31.24,3691,39.73,52.43,1.0,6.46,0.39,4120,-18.38,21.19
10-039,Gyöngyös,44.62,43.77,17607,33.13,58.42,1.67,6.19,0.6,16021,-11.49,14.65
10-040,Gyöngyöshalász,52.53,33.88,1523,33.48,56.54,0.83,8.65,0.5,1804,-19.05,22.66
10-041,Gyöngyösoroszi,65.47,25.04,643,53.28,41.37,0.92,4.12,0.31,655,-12.19,16.33
10-042,Gyöngyöspata,70.32,20.05,1297,50.07,41.61,1.02,6.93,0.36,1370,-20.25,21.56
10-043,Gyöngyössolymos,50.03,37.51,1781,33.33,56.15,1.46,7.86,1.2,1920,-16.7,18.64
10-044,Gyöngyöstarján,52.82,33.78,1418,36.54,55.2,1.24,6.63,0.39,1538,-16.28,21.42
10-045,Halmajugra,75.95,17.42,528,59.15,36.23,0.92,3.14,0.55,541,-16.8,18.81
10-046,Hatvan,48.65,37.49,12564,33.3,56.39,1.11,8.59,0.62,12019,-15.35,18.9
10-047,Heréd,60.14,25.19,1036,40.8,48.16,0.59,9.62,0.84,1196,-19.34,22.97
10-048,Heves,64.44,26.06,5180,45.5,46.83,0.78,6.56,0.32,5622,-18.94,20.77
10-049,Hevesaranyos,73.09,14.95,301,64.77,27.65,0.38,6.82,0.38,264,-8.32,12.7
10-050,Hevesvezekény,58.02,26.23,324,38.17,54.03,0.0,7.26,0.54,372,-19.85,27.8
10-051,Hort,57.79,28.99,2028,39.82,51.19,0.63,8.02,0.33,2393,-17.97,22.2
10-052,Istenmezeje,55.83,34.84,729,42.19,49.82,2.03,5.72,0.24,839,-13.64,14.98
10-053,Ivád,62.2,30.62,209,50.24,43.9,2.93,2.93,0.0,205,-11.96,13.28
10-054,Karácsond,61.46,28.75,1440,40.17,50.15,1.4,7.58,0.7,1715,-21.29,21.4
10-055,Kál,60.91,28.75,1499,42.78,51.25,0.61,5.13,0.22,1793,-18.13,22.5
10-056,Kápolna,64.23,23.18,699,48.8,43.88,1.6,5.45,0.27,752,-15.43,20.7
10-057,Kerecsend,77.37,14.63,1025,64.95,32.34,0.0,2.44,0.27,1107,-12.42,17.71
10-058,Kisfüzes,62.5,22.73,88,32.18,50.57,1.15,16.09,0.0,87,-30.32,27.84
10-059,Kisköre,60.32,30.96,1192,43.98,48.45,1.89,5.3,0.38,1321,-16.34,17.49
10-060,Kisnána,54.1,32.03,512,41.37,49.53,1.52,7.4,0.19,527,-12.73,17.5
10-061,Kompolt,54.74,28.46,875,38.03,53.36,0.53,7.04,1.05,952,-16.71,24.9
10-062,Kömlő,83.46,13.06,804,63.36,34.48,0.0,2.17,0.0,554,-20.1,21.42
10-063,Lőrinci,56.76,28.2,2759,38.79,49.97,1.17,9.4,0.68,3246,-17.97,21.77
10-064,Ludas,65.91,23.74,396,44.55,48.03,0.23,6.5,0.7,431,-21.36,24.29
10-065,Maklár,51.99,34.25,1381,35.96,56.36,0.63,6.17,0.88,1588,-16.03,22.11
10-066,Markaz,51.3,35.68,1037,36.42,54.39,1.25,7.69,0.25,1197,-14.88,18.71
10-067,Mátraballa,51.7,38.94,470,39.25,50.44,1.54,8.55,0.22,456,-12.45,11.5
10-068,Mátraderecske,54.61,38.06,1009,38.84,53.01,1.73,6.22,0.2,981,-15.77,14.95
10-069,Mátraszentimre,47.54,35.66,244,28.46,60.47,1.19,8.7,1.19,253,-19.08,24.81
10-070,Mezőszemere,72.93,17.69,458,54.42,35.38,0.19,9.04,0.96,520,-18.51,17.69
10-071,Mezőtárkány,72.97,18.63,703,52.94,38.61,1.36,6.64,0.45,663,-20.03,19.98
10-072,Mikófalva,62.71,24.29,354,46.61,46.35,0.26,6.25,0.52,384,-16.1,22.06
10-073,Mónosbél,49.21,36.13,191,30.77,57.26,0.43,10.26,1.28,234,-18.44,21.13
10-074,Nagyfüged,75.39,16.55,707,59.13,32.28,0.4,8.07,0.13,756,-16.26,15.73
10-075,Nagykökényes,64.01,20.94,339,39.16,47.26,0.26,12.79,0.52,383,-24.85,26.32
10-076,Nagyréde,54.5,33.23,1890,36.67,53.14,1.46,8.21,0.52,2119,-17.83,19.91
10-077,Nagytálya,52.75,33.59,527,38.31,50.17,0.68,9.32,1.53,590,-14.44,16.58
10-078,Nagyút,65.3,26.5,317,42.82,48.17,0.28,8.73,0.0,355,-22.48,21.67
10-079,Nagyvisnyó,63.84,25.41,484,48.54,42.88,0.91,7.3,0.36,548,-15.3,17.47
10-080,Noszvaj,61.62,24.33,1089,42.6,47.62,0.73,8.16,0.89,1237,-19.02,23.29
10-081,Novaj,57.42,27.74,829,38.09,51.81,0.33,9.11,0.66,911,-19.33,24.07
10-082,Ostoros,47.3,39.24,1664,27.36,64.75,0.51,6.51,0.87,1952,-19.94,25.51
10-083,Parád,52.47,34.14,1031,38.17,52.22,1.54,7.07,1.0,1103,-14.3,18.08
10-084,Parádsasvár,41.09,51.16,258,33.46,57.89,2.63,5.26,0.75,266,-7.63,6.73
10-085,Petőfibánya,47.06,40.94,1275,31.87,57.33,2.03,8.64,0.14,1481,-15.19,16.39
10-086,Pély,74.17,17.22,511,50.18,43.79,0.35,5.67,0.0,564,-23.99,26.57
10-087,Pétervására,60.41,30.93,1109,46.75,45.62,0.88,6.27,0.48,1245,-13.66,14.69
10-088,Poroszló,67.3,25.13,1321,51.04,42.27,0.69,5.66,0.35,1448,-16.26,17.14
10-089,Recsk,54.61,34.56,1357,38.67,53.01,1.42,6.36,0.54,1479,-15.94,18.45
10-090,Rózsaszentmárton,57.28,29.3,1058,38.7,49.14,1.23,10.27,0.66,1217,-18.58,19.84
10-091,Sarud,69.42,24.14,497,45.91,46.12,1.05,6.29,0.63,477,-23.51,21.98
10-092,Sirok,57.41,31.92,1012,42.51,51.03,0.47,5.34,0.66,1068,-14.9,19.11
10-093,Szajla,77.19,16.88,320,64.23,33.24,0.0,2.25,0.28,355,-12.96,16.36
10-094,Szentdomonkos,74.54,16.67,216,55.7,30.38,0.0,13.92,0.0,237,-18.84,13.71
10-095,Szihalom,55.96,29.86,1065,39.9,50.17,1.19,7.98,0.76,1178,-16.06,20.31
10-096,Szilvásvárad,53.91,32.41,870,38.17,51.72,1.18,7.74,1.18,930,-15.74,19.31
10-097,Szúcs,69.81,19.5,159,60.75,35.48,0.54,2.69,0.54,186,-9.06,15.98
10-098,Szűcsi,62.41,26.78,870,46.29,46.79,0.3,6.22,0.4,996,-16.12,20.01
10-099,Tarnabod,78.16,19.54,174,66.67,31.98,0.45,0.9,0.0,222,-11.49,12.44
10-100,Tarnalelesz,80.94,14.24,871,67.78,26.52,0.36,4.88,0.48,841,-13.16,12.28
10-101,Tarnaméra,52.28,37.65,943,34.5,58.62,0.29,6.4,0.19,1032,-17.78,20.97
10-102,Tarnaörs,75.61,19.68,742,63.74,31.62,0.38,4.02,0.25,797,-11.87,11.94
10-103,Tarnaszentmária,58.17,30.72,153,53.42,36.3,0.0,8.9,1.37,146,-4.75,5.58
10-104,Tarnaszentmiklós,68.15,26.19,336,50.72,43.8,0.29,5.19,0.0,347,-17.43,17.61
10-105,Tarnazsadány,76.91,20.08,498,51.14,47.62,0.41,0.83,0.0,483,-25.77,27.54
10-106,Tenk,61.16,27.6,605,40.0,50.14,0.56,8.59,0.7,710,-21.16,22.54
10-107,Terpes,95.37,2.78,108,74.73,15.38,2.2,6.59,1.1,91,-20.64,12.6
10-108,Tiszanána,76.22,16.17,1064,53.16,40.09,0.71,5.96,0.09,1125,-23.06,23.92
10-109,Tófalu,68.98,19.8,303,56.71,32.89,0.67,8.72,1.01,298,-12.27,13.09
10-110,Újlőrincfalva,63.06,29.73,111,43.31,48.03,0.0,7.87,0.79,127,-19.75,18.3
10-111,Vámosgyörk,56.79,28.25,1083,40.05,48.88,1.0,9.41,0.67,1201,-16.74,20.63
10-112,Váraszó,56.12,34.01,294,38.72,57.14,1.5,2.63,0.0,266,-17.4,23.13
10-113,Verpelét,64.63,25.85,1818,51.35,41.32,1.03,6.05,0.25,2033,-13.28,15.47
10-114,Vécs,67.07,24.39,328,51.16,40.75,1.45,6.07,0.58,346,-15.91,16.36
10-115,Visonta,46.6,38.06,691,31.74,58.97,0.75,8.03,0.5,797,-14.86,20.91
10-116,Visznek,63.56,24.18,579,46.54,42.27,0.29,10.75,0.15,679,-17.02,18.09
10-117,Zagyvaszántó,61.46,27.8,1025,43.19,46.9,0.6,8.88,0.43,1160,-18.27,19.1
10-118,Zaránk,61.84,22.37,228,49.26,42.28,1.47,6.25,0.74,272,-12.58,19.91
10-119,Szarvaskő,47.58,39.92,248,37.7,49.21,1.98,10.32,0.79,252,-9.88,9.29
10-120,Pálosvörösmart,44.94,40.49,405,28.18,60.74,1.39,8.78,0.92,433,-16.76,20.25
10-121,Kerekharaszt,61.93,22.11,570,39.9,48.17,0.79,10.17,0.95,629,-22.03,26.06
11-001,Abádszalók,63.11,27.86,1816,45.55,46.69,1.37,5.77,0.61,2114,-17.56,18.83
11-002,Alattyán,72.13,21.68,1001,52.37,42.44,0.72,4.3,0.18,1117,-19.76,20.76
11-003,Berekfürdő,58.44,30.96,717,42.03,50.74,0.86,6.0,0.37,816,-16.41,19.78
11-004,Besenyszög,55.52,31.08,1731,38.15,50.12,1.22,9.72,0.78,2047,-17.37,19.04
11-005,Cibakháza,62.03,27.72,1580,45.98,47.48,1.02,4.93,0.59,1866,-16.05,19.76
11-006,Csataszög,71.69,18.67,166,58.52,35.23,0.57,5.68,0.0,176,-13.17,16.56
11-007,Cserkeszőlő,54.26,33.06,1198,40.32,50.57,1.75,6.34,1.01,1483,-13.94,17.51
11-008,Csépa,71.47,17.47,687,53.72,39.26,0.55,6.2,0.28,726,-17.75,21.79
11-009,Fegyvernek,55.87,32.72,2787,38.56,52.88,0.85,7.52,0.18,3283,-17.31,20.16
11-010,Hunyadfalva,76.12,17.91,67,58.82,36.47,0.0,4.71,0.0,85,-17.3,18.56
11-011,Jánoshida,62.67,27.94,1267,43.13,50.04,0.93,5.32,0.58,1391,-19.54,22.1
11-012,Jászalsószentgyörgy,67.09,24.64,1790,47.7,45.71,0.75,5.34,0.5,2004,-19.39,21.07
11-013,Jászapáti,63.5,26.67,4129,46.25,46.72,0.74,5.82,0.47,4450,-17.25,20.05
11-014,Jászágó,62.38,23.76,404,42.55,46.57,0.95,9.93,0.0,423,-19.83,22.81
11-015,Jászárokszállás,60.83,28.7,3791,40.28,51.17,0.76,7.29,0.49,4446,-20.55,22.47
11-016,Jászberény,50.03,39.98,15893,33.7,58.18,1.03,6.46,0.63,14652,-16.33,18.2
11-017,Jászboldogháza,63.83,22.2,1045,42.29,46.37,0.53,9.75,1.06,1128,-21.54,24.17
11-018,Jászdózsa,60.51,28.75,1099,41.06,51.01,0.62,7.15,0.16,1286,-19.45,22.26
11-019,Jászfelsőszentgyörgy,71.15,20.87,915,46.35,44.89,0.22,8.42,0.11,891,-24.8,24.02
11-020,Jászfényszaru,65.48,23.92,2868,47.1,44.19,0.65,7.33,0.74,3397,-18.38,20.27
11-021,Jászivány,73.02,18.14,215,48.03,43.67,0.44,7.42,0.44,229,-24.99,25.53
11-022,Jászjákóhalma,65.54,25.19,1477,46.48,46.48,0.37,6.18,0.49,1635,-19.06,21.29
11-023,Jászkisér,64.76,26.55,2290,48.01,44.55,0.97,6.04,0.44,2485,-16.75,18.0
11-024,Jászladány,73.48,19.86,2236,61.82,32.03,0.33,5.44,0.37,2407,-11.66,12.17
11-025,Jászszentandrás,61.22,26.46,1421,40.26,50.71,0.58,7.82,0.64,1560,-20.96,24.25
11-026,Jásztelek,68.16,24.39,738,48.88,45.88,0.25,4.62,0.38,800,-19.28,21.49
11-027,Karcag,59.83,30.74,11622,45.2,47.64,0.91,5.68,0.57,9961,-14.63,16.9
11-028,Kenderes,72.14,19.31,2014,55.09,37.58,0.89,5.93,0.51,2142,-17.05,18.27
11-029,Kengyel,59.11,27.81,1575,42.86,47.64,1.19,7.58,0.73,1927,-16.25,19.83
11-030,Kétpó,48.18,42.02,357,34.76,59.19,0.76,4.79,0.5,397,-13.42,17.17
11-031,Kisújszállás,58.01,31.46,5368,42.55,48.49,1.11,7.2,0.64,5760,-15.46,17.03
11-032,Kőtelek,72.25,18.69,717,58.83,34.59,1.22,4.87,0.49,821,-13.42,15.9
11-033,Kuncsorba,67.6,16.51,321,47.59,42.47,0.3,9.64,0.0,332,-20.01,25.96
11-034,Kunhegyes,67.15,23.84,3397,49.53,43.28,0.48,6.47,0.24,3741,-17.62,19.44
11-035,Kunmadaras,72.68,20.0,2130,55.44,38.12,0.53,5.6,0.31,2269,-17.24,18.12
11-036,Kunszentmárton,54.73,33.72,3870,38.62,51.75,1.05,7.96,0.62,4182,-16.11,18.03
11-037,Martfű,41.25,45.44,3433,27.74,63.82,1.39,6.5,0.55,3800,-13.51,18.38
11-038,Mesterszállás,60.41,26.99,389,44.27,48.17,0.46,6.42,0.69,436,-16.14,21.18
11-039,Mezőhék,64.15,21.38,159,55.98,34.78,0.54,8.7,0.0,184,-8.17,13.4
11-040,Mezőtúr,50.73,37.19,8443,35.35,57.57,0.91,5.57,0.6,9409,-15.38,20.38
11-041,Nagyiván,68.96,24.91,538,54.13,39.72,1.23,4.57,0.35,569,-14.83,14.81
11-042,Nagykörű,64.34,26.05,760,48.33,44.29,1.07,6.07,0.24,840,-16.01,18.24
11-043,Nagyrév,50.95,39.87,316,37.6,54.6,2.23,4.46,1.11,359,-13.35,14.73
11-044,Öcsöd,64.97,25.43,1333,49.58,42.03,0.71,7.12,0.56,1418,-15.39,16.6
11-045,Örményes,50.47,36.59,533,35.3,55.5,0.33,8.87,0.0,609,-15.17,18.91
11-046,Pusztamonostor,67.7,22.33,842,50.05,41.9,0.63,6.9,0.52,957,-17.65,19.57
11-047,Rákóczifalva,50.32,34.4,2820,31.86,57.27,0.99,9.19,0.69,3330,-18.46,22.87
11-048,Rákócziújfalu,51.26,31.89,950,35.13,53.61,1.1,9.79,0.37,1093,-16.13,21.72
11-049,Szajol,48.59,35.49,2130,32.12,56.85,1.04,9.25,0.75,2410,-16.47,21.36
11-050,Szászberek,60.46,25.66,569,36.67,53.03,0.76,8.48,1.06,660,-23.79,27.37
11-051,Szelevény,61.61,26.68,521,46.03,45.49,0.36,8.12,0.0,554,-15.58,18.81
11-052,Szolnok,43.94,42.74,39626,30.49,60.41,1.59,6.71,0.8,40041,-13.45,17.67
11-053,Tiszabő,98.78,0.91,984,98.17,1.64,0.19,0.0,0.0,1039,-0.61,0.73
11-054,Tiszabura,92.11,6.09,1280,79.02,18.63,0.19,1.79,0.38,1063,-13.09,12.54
11-055,Tiszaderzs,75.59,14.84,512,60.55,32.18,0.91,5.09,1.27,550,-15.04,17.34
11-056,Tiszaföldvár,55.85,31.43,4910,38.67,52.18,0.68,7.97,0.49,5699,-17.18,20.75
11-057,Tiszafüred,56.76,32.78,5692,39.18,52.58,1.01,6.63,0.59,6120,-17.58,19.8
11-058,Tiszagyenda,66.67,25.54,462,54.67,40.56,0.8,3.58,0.4,503,-12.0,15.02
11-059,Tiszaigar,81.61,11.29,310,56.78,36.44,0.56,5.65,0.56,354,-24.83,25.15
11-060,Tiszainoka,77.4,14.69,177,57.69,36.32,1.28,4.7,0.0,234,-19.71,21.63
11-061,Tiszajenő,62.56,22.26,804,42.47,46.38,0.56,10.14,0.45,897,-20.09,24.12
11-062,Tiszakürt,63.56,23.86,612,51.47,42.24,0.14,4.9,1.26,715,-12.09,18.38
11-063,Tiszaörs,67.49,23.32,609,54.46,37.72,0.78,6.26,0.78,639,-13.03,14.4
11-064,Tiszapüspöki,62.67,26.32,817,49.68,43.91,1.05,4.1,1.26,952,-12.99,17.59
11-065,Tiszaroff,70.37,22.87,739,54.11,38.81,1.14,5.48,0.46,876,-16.26,15.94
11-066,Tiszasas,61.31,25.6,504,44.7,47.17,0.71,6.71,0.71,566,-16.61,21.57
11-067,Tiszasüly,71.76,19.92,733,53.91,37.33,0.54,7.82,0.4,742,-17.85,17.41
11-068,Tiszaszentimre,69.02,22.38,849,51.48,42.41,0.61,5.2,0.31,981,-17.54,20.03
11-069,Tiszatenyő,54.49,31.81,701,35.91,57.16,0.69,5.89,0.35,866,-18.58,25.35
11-070,Tiszavárkony,51.5,33.88,800,36.17,55.65,0.41,7.36,0.41,965,-15.33,21.77
11-071,Tomajmonostora,77.74,16.32,337,56.82,38.16,0.0,5.01,0.0,359,-20.92,21.84
11-072,Tószeg,51.58,35.09,2377,33.95,57.26,0.94,7.23,0.62,2754,-17.63,22.17
11-073,Törökszentmiklós,48.93,36.47,11523,34.64,53.54,1.18,10.0,0.63,10722,-14.29,17.07
11-074,Túrkeve,60.24,29.72,3886,42.75,49.54,0.53,6.68,0.49,4489,-17.49,19.82
11-075,Újszász,58.01,28.4,3046,42.17,48.9,0.79,7.23,0.91,3415,-15.84,20.5
11-076,Vezseny,45.03,34.44,302,31.44,58.36,0.85,9.07,0.28,353,-13.59,23.92
11-077,Zagyvarékas,64.76,25.67,1640,45.75,45.64,0.93,7.08,0.6,1836,-19.01,19.97
11-078,Tiszaszőlős,69.88,21.85,737,54.36,39.63,0.61,5.03,0.37,815,-15.52,17.78
12-001,Aka,68.46,18.79,149,50.87,40.46,0.58,7.51,0.58,173,-17.59,21.67
12-002,Almásfüzitő,49.43,35.37,1145,37.13,52.85,1.3,7.82,0.9,1228,-12.3,17.48
12-003,Annavölgy,50.46,39.17,434,33.27,54.93,2.9,8.7,0.19,517,-17.19,15.76
12-004,Ács,63.43,25.52,3440,43.68,49.09,1.04,5.61,0.57,4027,-19.75,23.57
12-005,Ácsteszér,66.22,23.67,376,49.17,43.23,1.43,4.99,1.19,421,-17.05,19.56
12-006,Baj,45.61,35.91,1629,29.73,62.21,1.7,5.81,0.55,1823,-15.88,26.3
12-007,Bajna,64.53,25.0,1060,46.18,45.42,1.02,7.13,0.25,1178,-18.35,20.42
12-008,Bajót,64.61,23.59,763,48.24,44.71,0.11,5.92,1.02,879,-16.37,21.12
12-009,Bakonybánk,55.72,26.37,201,45.45,42.98,2.89,8.68,0.0,242,-10.27,16.61
12-010,Bakonysárkány,62.23,21.17,548,46.71,44.46,0.0,8.82,0.0,578,-15.52,23.29
12-011,Bakonyszombathely,55.07,34.64,661,37.78,54.81,0.99,6.17,0.25,810,-17.29,20.17
12-012,Bana,63.28,29.63,847,44.5,47.99,1.8,4.97,0.74,946,-18.78,18.36
12-013,Bábolna,48.47,39.35,1896,33.22,60.54,1.21,4.19,0.84,2149,-15.25,21.19
12-014,Bársonyos,71.03,16.71,359,52.75,38.75,0.75,7.5,0.25,400,-18.28,22.04
12-015,Bokod,53.17,31.57,1213,38.55,53.32,1.03,6.5,0.59,1354,-14.62,21.75
12-016,Csatka,61.72,22.66,128,40.71,47.14,1.43,10.0,0.71,140,-21.01,24.48
12-017,Császár,59.37,26.92,977,45.29,45.47,1.45,7.07,0.72,1104,-14.08,18.55
12-018,Csém,70.69,15.52,232,55.31,34.43,3.3,5.86,1.1,273,-15.38,18.91
12-019,Csép,70.05,17.65,187,51.58,42.53,1.36,3.62,0.9,221,-18.47,24.88
12-020,Csolnok,40.52,36.15,1715,30.9,60.14,0.86,7.51,0.59,1864,-9.62,23.99
12-021,Dad,59.68,27.2,625,43.74,46.46,1.06,8.75,0.0,663,-15.94,19.26
12-022,Dág,50.97,26.83,518,38.92,52.88,0.52,6.81,0.87,573,-12.05,26.05
12-023,Dorog,42.93,43.73,5994,29.28,62.54,1.59,5.77,0.82,6725,-13.65,18.81
12-024,Dömös,55.93,32.68,615,42.74,48.88,0.42,6.98,0.98,716,-13.19,16.2
12-025,Dunaalmás,53.23,30.85,898,39.13,52.45,1.27,6.16,1.0,1104,-14.1,21.6
12-026,Dunaszentmiklós,48.6,25.17,286,38.1,53.87,0.3,6.85,0.89,336,-10.5,28.7
12-027,Epöl,69.71,18.23,373,53.7,38.42,0.72,6.68,0.48,419,-16.01,20.19
12-028,Esztergom,49.39,38.37,16730,36.92,54.49,1.37,6.33,0.89,16247,-12.47,16.12
12-029,Ete,70.39,17.88,358,50.93,36.07,1.86,10.34,0.8,377,-19.46,18.19
12-030,Gyermely,58.9,29.73,888,38.88,52.94,0.6,6.78,0.8,1003,-20.02,23.21
12-031,Héreg,55.99,29.52,559,36.02,52.91,0.9,9.27,0.9,669,-19.97,23.39
12-032,Kecskéd,55.07,25.95,1164,38.39,53.98,1.12,5.86,0.64,1245,-16.68,28.03
12-033,Kerékteleki,60.06,30.19,318,44.68,46.81,1.06,7.18,0.27,376,-15.38,16.62
12-034,Kesztölc,46.07,38.14,1450,33.51,57.86,1.25,6.49,0.89,1680,-12.56,19.72
12-035,Kisbér,58.62,31.9,2953,43.22,49.91,0.89,5.42,0.55,3246,-15.4,18.01
12-036,Kisigmánd,63.5,27.0,263,42.57,53.8,0.0,3.3,0.33,303,-20.93,26.8
12-037,Kocs,64.75,22.45,1492,47.98,41.81,0.42,9.03,0.77,1684,-16.77,19.36
12-038,Komárom,51.71,35.39,11855,38.41,52.01,1.38,7.27,0.92,10723,-13.3,16.62
12-039,Kömlőd,53.47,32.83,591,39.01,53.92,0.75,6.02,0.3,664,-14.46,21.09
12-040,Környe,48.82,34.09,2587,34.46,56.26,1.52,6.97,0.78,2954,-14.36,22.17
12-041,Lábatlan,53.3,34.03,2542,35.69,55.28,1.06,7.21,0.75,2925,-17.61,21.25
12-042,Leányvár,46.69,33.07,998,37.04,53.65,0.27,8.21,0.82,1096,-9.65,20.58
12-043,Máriahalom,56.77,31.12,347,37.84,55.28,0.25,5.9,0.74,407,-18.93,24.16
12-044,Mocsa,63.78,23.63,1223,45.71,45.41,0.75,7.83,0.3,1341,-18.07,21.78
12-045,Mogyorósbánya,47.72,38.97,526,30.33,61.53,0.69,6.07,1.39,577,-17.39,22.56
12-046,Nagyigmánd,66.17,23.99,1626,49.77,41.98,0.96,6.27,1.02,1770,-16.4,17.99
12-047,Nagysáp,66.52,25.56,669,48.41,43.57,0.47,7.32,0.24,847,-18.11,18.01
12-048,Naszály,50.26,32.91,1325,36.73,53.87,1.53,7.2,0.67,1500,-13.53,20.96
12-049,Neszmély,59.01,29.93,705,41.44,47.07,0.72,9.58,1.2,835,-17.57,17.14
12-050,Nyergesújfalu,45.78,40.13,3945,30.21,61.56,1.34,6.3,0.59,4396,-15.57,21.43
12-051,Oroszlány,49.13,37.91,9010,36.23,55.72,1.44,5.74,0.86,9949,-12.9,17.81
12-052,Piliscsév,54.08,31.12,1433,35.64,56.15,0.56,6.67,0.99,1619,-18.44,25.03
12-053,Pilismarót,60.0,28.51,1140,47.67,44.51,0.47,6.31,1.03,1267,-12.33,16.0
12-054,Réde,66.67,19.46,735,48.73,43.41,0.48,6.77,0.6,827,-17.94,23.95
12-055,Sárisáp,43.71,43.57,1407,28.85,63.35,1.4,5.7,0.7,1719,-14.86,19.78
12-056,Súr,61.68,21.68,595,45.45,45.03,0.85,7.81,0.85,704,-16.23,23.35
12-057,Süttő,51.32,37.08,1060,34.63,55.8,1.79,6.93,0.86,1285,-16.69,18.72
12-058,Szákszend,62.55,28.43,721,42.21,50.32,0.87,6.28,0.32,924,-20.34,21.89
12-059,Szárliget,44.21,42.02,1416,29.73,59.84,2.53,6.42,1.48,1621,-14.48,17.82
12-060,Szomor,50.16,32.4,642,30.64,60.43,0.57,7.66,0.71,705,-19.52,28.03
12-061,Szomód,49.38,29.78,1296,34.75,57.47,0.61,6.42,0.74,1479,-14.63,27.69
12-062,Tardos,47.53,37.88,953,31.59,61.64,0.97,5.41,0.39,1035,-15.94,23.76
12-063,Tarján,46.26,26.48,1552,35.7,55.93,1.1,6.57,0.71,1552,-10.56,29.45
12-064,Tata,48.04,39.8,13168,32.87,59.59,1.22,5.48,0.84,14396,-15.17,19.79
12-065,Tatabánya,46.0,41.74,36414,33.39,59.32,1.64,4.82,0.83,38478,-12.61,17.58
12-066,Tárkány,69.54,20.35,742,50.47,43.33,0.59,4.92,0.7,854,-19.07,22.98
12-067,Tát,48.82,39.09,3085,32.85,60.27,0.88,5.33,0.67,3413,-15.97,21.18
12-068,Tokod,55.33,34.23,2185,37.32,55.68,0.65,5.66,0.69,2473,-18.01,21.45
12-069,Tokodaltáró,54.08,32.74,1411,38.52,53.47,1.02,6.58,0.42,1672,-15.56,20.73
12-070,Úny,58.19,25.43,409,42.42,49.35,0.22,6.93,1.08,462,-15.77,23.92
12-071,Várgesztes,44.12,35.03,374,27.14,63.07,0.75,7.79,1.26,398,-16.98,28.04
12-072,Vérteskethely,66.88,22.71,317,41.16,51.01,0.58,6.96,0.29,345,-25.72,28.3
12-073,Vértessomló,41.84,36.17,846,30.02,61.94,0.89,6.58,0.56,896,-11.82,25.77
12-074,Vértesszőlős,48.47,39.9,1857,33.83,58.36,1.77,5.16,0.88,2152,-14.64,18.46
12-075,Vértestolna,43.81,31.43,315,29.28,61.45,1.45,7.25,0.58,345,-14.53,30.02
12-076,Ászár,55.22,32.24,949,38.85,53.44,0.28,6.6,0.84,1076,-16.37,21.2
13-001,Alsópetény,56.21,35.09,322,38.73,50.66,1.86,8.22,0.53,377,-17.48,15.57
13-002,Alsótold,60.0,31.72,145,40.82,53.74,0.0,5.44,0.0,147,-19.18,22.02
13-003,Balassagyarmat,46.14,39.21,10138,34.31,55.58,1.24,8.3,0.56,8193,-11.83,16.37
13-004,Bánk,56.19,26.77,452,38.11,47.79,1.68,11.37,1.05,475,-18.08,21.02
13-005,Bárna,69.74,20.44,499,55.13,35.16,0.55,8.61,0.55,546,-14.61,14.72
13-006,Bátonyterenye,52.85,36.95,5540,36.61,55.42,1.5,6.07,0.4,6010,-16.24,18.47
13-007,Becske,65.41,18.49,292,46.6,39.81,0.65,12.94,0.0,309,-18.81,21.32
13-008,Bercel,65.99,20.62,941,52.19,37.13,1.22,8.85,0.61,983,-13.8,16.51
13-009,Berkenye,48.54,18.05,410,38.2,50.11,0.67,10.34,0.67,445,-10.34,32.06
13-010,Bér,75.48,17.31,208,55.5,36.36,0.0,7.18,0.96,209,-19.98,19.05
13-011,Bokor,55.56,34.92,63,43.66,45.07,1.41,8.45,1.41,71,-11.9,10.15
13-012,Borsosberény,59.53,26.34,467,38.4,54.21,0.62,6.37,0.41,487,-21.13,27.87
13-013,Buják,72.18,18.58,1071,53.89,35.49,1.06,9.38,0.18,1130,-18.29,16.91
13-014,Cered,61.78,28.12,505,50.65,42.06,2.06,4.49,0.75,535,-11.13,13.94
13-015,Cserháthaláp,44.84,19.73,223,38.57,46.64,0.0,13.9,0.9,223,-6.27,26.91
13-016,Cserhátsurány,70.6,14.22,415,56.68,36.87,0.69,5.3,0.46,434,-13.92,22.65
13-017,Cserhátszentiván,58.02,28.4,81,46.15,42.31,1.28,7.69,2.56,78,-11.87,13.91
13-018,Csesztve,49.4,24.4,168,31.09,49.74,0.52,17.62,1.04,193,-18.31,25.34
13-019,Csécse,60.47,23.29,468,48.25,39.88,1.56,10.12,0.19,514,-12.22,16.59
13-020,Csitár,69.31,19.31,202,48.75,42.5,1.67,7.08,0.0,240,-20.56,23.19
13-021,Debercsény,67.39,17.39,46,42.59,33.33,0.0,24.07,0.0,54,-24.8,15.94
13-022,Dejtár,63.0,24.52,681,45.71,46.5,1.19,6.47,0.13,757,-17.29,21.98
13-023,Diósjenő,65.6,22.73,1474,47.37,42.65,0.91,8.35,0.73,1653,-18.23,19.92
13-024,Dorogháza,61.48,27.13,527,46.09,46.09,1.22,6.09,0.52,575,-15.39,18.96
13-025,Drégelypalánk,70.16,17.36,697,50.74,37.06,0.88,11.18,0.15,680,-19.42,19.7
13-026,Ecseg,72.22,20.56,540,57.05,35.91,0.5,6.38,0.17,596,-15.17,15.35
13-027,Egyházasdengeleg,55.87,29.55,247,39.67,49.59,1.24,9.5,0.0,242,-16.2,20.04
13-028,Egyházasgerge,75.87,17.15,344,59.12,36.46,0.83,3.31,0.28,362,-16.75,19.31
13-029,Endrefalva,86.48,10.86,488,72.2,25.8,0.6,0.8,0.6,500,-14.28,14.94
13-030,Erdőkürt,60.19,26.02,319,43.03,44.81,0.59,11.28,0.3,337,-17.16,18.79
13-031,Erdőtarcsa,70.74,16.3,270,51.99,34.66,0.36,13.0,0.0,277,-18.75,18.36
13-032,Etes,64.21,24.28,556,46.96,47.28,1.12,4.65,0.0,624,-17.25,23.0
13-033,Érsekvadkert,65.12,23.07,1829,46.53,44.8,0.82,7.47,0.39,2076,-18.59,21.73
13-034,Felsőpetény,73.73,15.25,354,56.19,33.51,0.77,9.28,0.26,388,-17.54,18.26
13-035,Felsőtold,48.19,44.58,83,36.14,56.63,1.2,6.02,0.0,83,-12.05,12.05
13-036,Galgaguta,61.54,24.85,338,44.96,43.93,0.52,10.08,0.52,387,-16.58,19.08
13-037,Garáb,68.0,12.0,25,41.67,37.5,0.0,20.83,0.0,24,-26.33,25.5
13-038,Herencsény,70.76,16.28,301,57.76,33.23,1.24,7.45,0.31,322,-13.0,16.95
13-039,Héhalom,71.64,18.6,543,51.36,42.83,0.0,5.44,0.36,551,-20.28,24.23
13-040,Hollókő,63.38,27.23,213,38.92,53.69,0.0,7.39,0.0,203,-24.46,26.46
13-041,Hont,77.9,11.99,267,60.42,31.45,0.0,7.07,1.06,283,-17.48,19.46
13-042,Horpács,63.73,18.63,102,38.94,48.67,0.88,10.62,0.88,113,-24.79,30.04
13-043,Hugyag,81.19,15.59,404,69.35,28.83,0.26,1.56,0.0,385,-11.84,13.24
13-044,Iliny,73.74,10.1,99,50.54,32.26,0.0,17.2,0.0,93,-23.2,22.16
13-045,Ipolytarnóc,76.33,15.94,207,61.46,31.77,1.56,5.21,0.0,192,-14.87,15.83
13-046,Ipolyvece,74.06,15.33,424,58.92,32.39,0.23,7.51,0.94,426,-15.14,17.06
13-047,Jobbágyi,59.57,31.8,893,44.55,46.01,1.46,7.68,0.29,1028,-15.02,14.21
13-048,Karancsalja,53.13,30.76,751,38.01,51.56,1.04,8.81,0.58,863,-15.12,20.8
13-049,Karancsberény,60.05,28.08,438,40.72,49.9,1.2,7.58,0.6,501,-19.33,21.82
13-050,Karancskeszi,67.12,20.89,809,53.12,38.34,1.27,6.81,0.46,866,-14.0,17.45
13-051,Karancslapujtő,65.09,24.96,1286,48.85,42.28,1.12,6.92,0.84,1431,-16.24,17.32
13-052,Karancsság,80.46,13.66,527,66.85,30.43,0.0,2.36,0.36,552,-13.61,16.77
13-053,Kazár,63.08,25.64,780,47.6,45.66,0.8,5.37,0.57,876,-15.48,20.02
13-054,Kálló,74.23,20.52,648,56.22,33.7,0.47,9.13,0.47,635,-18.01,13.18
13-055,Keszeg,68.69,20.09,428,49.8,36.76,0.4,12.45,0.59,506,-18.89,16.67
13-056,Kétbodony,65.41,22.6,292,49.84,39.16,1.62,9.39,0.0,309,-15.57,16.56
13-057,Kisbágyon,62.33,26.05,215,38.8,47.2,0.4,13.2,0.4,250,-23.53,21.15
13-058,Kisbárkány,83.02,7.55,106,62.28,27.19,0.0,9.65,0.88,114,-20.74,19.64
13-059,Kisecset,71.84,14.56,103,46.03,38.89,1.59,11.9,1.59,126,-25.81,24.33
13-060,Kishartyán,63.17,26.35,315,38.55,50.9,0.9,8.43,1.2,332,-24.62,24.55
13-061,Kozárd,72.32,16.96,112,54.05,27.93,1.8,16.22,0.0,111,-18.27,10.97
13-062,Kutasó,58.49,39.62,53,46.15,50.0,3.85,0.0,0.0,52,-12.34,10.38
13-063,Legénd,74.06,16.74,239,51.3,40.15,0.37,7.06,1.12,269,-22.76,23.41
13-064,Litke,77.72,15.38,377,69.27,25.19,0.25,5.04,0.25,397,-8.45,9.81
13-065,Lucfalva,77.88,15.58,321,59.15,31.37,0.65,8.82,0.0,306,-18.73,15.79
13-066,Ludányhalászi,68.16,22.85,512,56.86,35.95,1.17,5.35,0.67,598,-11.3,13.1
13-067,Magyargéc,73.44,18.18,418,61.37,34.47,0.73,2.44,0.98,409,-12.07,16.29
13-068,Magyarnándor,60.19,24.61,638,39.79,50.45,0.9,8.56,0.3,666,-20.4,25.84
13-069,Márkháza,81.21,14.09,149,67.48,25.15,1.23,4.91,1.23,163,-13.73,11.06
13-070,Mátramindszent,63.3,28.82,406,46.54,46.54,0.95,5.49,0.48,419,-16.76,17.72
13-071,Mátranovák,62.23,28.03,842,42.15,48.78,0.44,7.96,0.66,904,-20.08,20.75
13-072,Mátraszele,62.26,27.46,477,43.93,49.52,0.58,5.78,0.19,519,-18.33,22.06
13-073,Mátraszőlős,55.7,31.35,772,40.98,51.31,0.68,6.36,0.68,881,-14.72,19.96
13-074,Mátraterenye,62.47,26.63,826,46.9,43.15,1.93,7.39,0.64,934,-15.57,16.52
13-075,Mátraverebély,69.66,24.03,824,53.68,39.06,0.7,6.2,0.35,855,-15.98,15.03
13-076,Mihálygerge,55.41,33.44,305,43.91,50.64,1.6,3.85,0.0,312,-11.5,17.2
13-077,Mohora,63.42,20.67,421,45.98,42.07,1.38,9.89,0.69,435,-17.44,21.4
13-078,Nagybárkány,83.92,12.26,367,73.28,22.04,0.0,4.68,0.0,363,-10.64,9.78
13-079,Nagykeresztúr,71.14,24.16,149,50.94,41.51,0.0,6.29,1.26,159,-20.2,17.35
13-080,Nagylóc,71.41,16.06,766,52.81,35.11,1.12,10.67,0.28,712,-18.6,19.05
13-081,Nagyoroszi,59.59,27.2,886,40.67,49.09,1.36,8.51,0.36,1104,-18.92,21.89
13-082,Nemti,55.35,33.16,383,44.08,46.45,1.66,7.11,0.71,422,-11.27,13.29
13-083,Nézsa,69.05,18.15,672,48.93,41.84,0.8,8.16,0.27,748,-20.12,23.69
13-084,Nógrád,58.66,26.97,912,40.87,50.28,0.38,8.1,0.38,1062,-17.79,23.31
13-085,Nógrádkövesd,59.09,27.6,308,46.72,45.93,1.31,5.77,0.26,381,-12.37,18.33
13-086,Nógrádmarcal,67.83,19.77,258,50.81,39.02,0.41,9.76,0.0,246,-17.02,19.25
13-087,Nógrádmegyer,80.72,13.39,747,62.12,32.92,0.83,3.86,0.28,726,-18.6,19.53
13-088,Nógrádsáp,66.6,20.73,521,52.23,38.32,0.34,8.93,0.17,582,-14.37,17.59
13-089,Nógrádsipek,66.49,19.68,376,48.39,37.61,0.46,13.07,0.46,436,-18.1,17.93
13-090,Nógrádszakál,81.4,16.28,258,71.17,23.72,0.36,4.74,0.0,274,-10.23,7.44
13-091,Nőtincs,63.04,27.72,736,45.88,45.88,1.27,5.96,1.01,789,-17.16,18.16
13-092,Őrhalom,58.38,24.67,531,38.86,47.97,1.3,11.54,0.33,615,-19.52,23.3
13-093,Ősagárd,72.38,15.47,181,40.17,44.87,2.14,12.39,0.43,234,-32.21,29.4
13-094,Palotás,59.73,29.86,884,39.2,51.76,1.14,7.42,0.48,1051,-20.53,21.9
13-095,Patak,69.02,17.84,510,51.35,37.84,0.77,9.85,0.19,518,-17.67,20.0
13-096,Patvarc,57.28,26.17,405,43.48,50.48,0.0,6.04,0.0,414,-13.8,24.31
13-097,Pásztó,57.87,31.24,5160,40.13,51.31,0.94,7.22,0.41,5627,-17.74,20.07
13-098,Piliny,71.38,19.41,304,52.37,37.22,0.63,9.78,0.0,317,-19.01,17.81
13-099,Pusztaberki,54.62,28.57,119,40.98,48.36,0.82,9.02,0.82,122,-13.64,19.79
13-100,Rétság,54.42,31.6,1481,39.81,48.15,1.25,9.95,0.83,1678,-14.61,16.55
13-101,Rimóc,71.63,17.28,793,61.11,28.49,1.06,8.75,0.59,846,-10.52,11.21
13-102,Romhány,60.71,27.35,1130,42.72,45.6,1.04,10.08,0.56,1250,-17.99,18.25
13-103,Salgótarján,49.32,40.62,18581,37.86,54.14,1.65,5.81,0.53,17524,-11.46,13.52
13-104,Ságújfalu,64.3,22.25,409,47.33,44.44,1.11,6.0,1.11,450,-16.97,22.19
13-105,Sámsonháza,56.6,23.27,159,38.89,49.31,0.0,11.11,0.69,144,-17.71,26.04
13-106,Sóshartyán,84.38,10.41,365,74.41,21.37,0.53,3.43,0.26,379,-9.97,10.96
13-107,Szalmatercs,75.89,14.62,253,61.93,29.36,0.0,8.72,0.0,218,-13.96,14.74
13-108,Szanda,63.53,26.76,340,43.15,48.4,1.17,7.29,0.0,343,-20.38,21.64
13-109,Szarvasgede,69.04,21.76,239,52.63,39.85,0.75,6.39,0.38,266,-16.41,18.09
13-110,Szátok,88.14,5.67,194,68.98,28.34,0.0,1.6,1.07,187,-19.16,22.67
13-111,Szendehely,42.09,19.06,955,40.19,50.89,0.59,6.9,1.43,841,-1.9,31.83
13-112,Szente,71.2,15.18,191,58.19,32.2,1.13,7.91,0.56,177,-13.01,17.02
13-113,Szécsénke,70.59,15.13,119,52.11,39.44,0.7,7.75,0.0,142,-18.48,24.31
13-114,Szécsény,59.92,28.63,3039,41.97,48.63,0.83,8.29,0.28,3245,-17.95,20.0
13-115,Szécsényfelfalu,77.36,15.57,212,55.02,34.93,0.87,8.73,0.44,229,-22.34,19.36
13-116,Szilaspogony,80.88,13.24,136,66.14,25.98,0.79,7.09,0.0,127,-14.74,12.74
13-117,Szirák,76.01,17.04,446,60.21,34.89,0.43,4.04,0.43,470,-15.8,17.85
13-118,Szuha,49.69,38.34,326,30.79,59.95,1.63,7.63,0.0,367,-18.9,21.61
13-119,Szurdokpüspöki,58.08,28.64,1009,41.95,45.07,0.42,11.46,1.1,1187,-16.13,16.43
13-120,Szügy,46.84,33.86,824,34.2,50.27,1.51,13.38,0.65,927,-12.64,16.41
13-121,Tar,59.53,29.27,902,44.4,47.57,0.65,6.62,0.75,1072,-15.13,18.3
13-122,Tereske,70.64,20.78,361,53.55,38.07,0.76,7.36,0.25,394,-17.09,17.29
13-123,Terény,71.56,17.06,211,52.83,30.66,1.89,14.15,0.47,212,-18.73,13.6
13-124,Tolmács,57.86,28.57,420,42.4,50.2,1.0,6.0,0.4,500,-15.46,21.63
13-125,Vanyarc,66.45,22.09,602,49.29,37.12,0.95,12.64,0.0,633,-17.16,15.03
13-126,Varsány,75.17,16.71,862,58.04,30.61,0.47,10.52,0.35,846,-17.13,13.9
13-127,Vizslás,57.19,28.59,633,39.88,53.13,1.46,4.95,0.58,687,-17.31,24.54
13-128,Zabar,81.91,14.89,188,67.37,27.89,0.53,4.21,0.0,190,-14.54,13.0
13-129,Rákóczibánya,59.36,30.74,283,35.98,58.64,0.57,4.25,0.57,353,-23.38,27.9
13-130,Ipolyszög,65.18,19.05,336,41.91,44.55,1.32,11.88,0.33,303,-23.27,25.5
13-131,Somoskőújfalu,54.39,30.58,1151,40.6,48.86,1.02,8.81,0.71,1271,-13.79,18.28
14-001,Abony,62.82,25.11,7261,42.33,48.28,0.89,7.88,0.62,8436,-20.49,23.17
14-002,Acsa,63.99,23.78,736,47.67,44.56,0.78,6.87,0.13,772,-16.32,20.78
14-003,Albertirsa,55.52,31.89,6992,37.64,53.27,1.08,7.29,0.72,8499,-17.88,21.38
14-004,Alsónémedi,62.73,25.42,3021,43.78,46.53,0.67,8.47,0.55,3458,-18.95,21.11
14-005,Apaj,57.17,31.36,558,41.04,49.93,2.22,6.52,0.3,675,-16.13,18.57
14-006,Aszód,52.53,36.24,3493,33.83,58.51,0.92,6.07,0.67,3902,-18.7,22.27
14-007,Áporka,57.89,31.11,646,39.53,49.8,2.21,8.06,0.39,769,-18.36,18.69
14-008,Bag,59.11,30.37,2081,41.16,49.82,1.33,6.84,0.84,2252,-17.95,19.45
14-009,Bernecebaráti,68.41,19.09,440,49.8,39.43,0.81,9.35,0.61,492,-18.61,20.34
14-010,Bénye,60.64,25.59,719,43.69,43.2,1.58,9.95,1.58,824,-16.95,17.61
14-011,Biatorbágy,47.76,38.61,8128,32.29,59.22,0.87,6.34,1.26,9491,-15.47,20.61
14-012,Budajenő,48.12,37.74,1330,33.65,58.76,0.78,5.98,0.84,1673,-14.47,21.02
14-013,Budakalász,47.16,38.84,7067,32.5,59.02,0.9,6.41,1.17,7769,-14.66,20.18
14-014,Budakeszi,41.3,45.57,12223,31.86,60.55,1.1,5.38,1.12,9954,-9.44,14.98
14-015,Budaörs,38.53,48.09,17042,28.17,64.75,1.29,4.66,1.13,17270,-10.36,16.66
14-016,Bugyi,66.15,22.15,2777,45.35,44.28,0.84,8.87,0.66,3347,-20.8,22.13
14-017,Cegléd,54.53,33.15,20251,37.25,53.85,0.93,7.29,0.68,21047,-17.28,20.7
14-018,Ceglédbercel,55.41,28.93,2330,38.53,50.84,1.23,8.42,0.97,2673,-16.88,21.91
14-019,Csemő,63.77,24.13,1877,43.4,44.88,0.65,10.63,0.44,2295,-20.37,20.75
14-020,Csévharaszt,63.26,24.33,1048,41.02,49.45,0.31,9.06,0.16,1270,-22.24,25.12
14-021,Csobánka,51.49,35.42,1917,36.46,56.86,0.64,4.83,1.2,2172,-15.03,21.44
14-022,Csomád,50.35,35.56,987,31.16,59.65,1.0,7.44,0.75,1197,-19.19,24.09
14-023,Csömör,43.45,43.38,5830,29.08,63.28,0.58,5.99,1.07,6516,-14.37,19.9
14-024,Csővár,64.02,23.54,378,48.44,40.05,0.0,10.55,0.96,417,-15.58,16.51
14-025,Dabas,57.45,31.03,11407,42.64,49.27,0.68,6.78,0.63,10190,-14.81,18.24
14-026,Dánszentmiklós,62.77,27.23,1370,44.42,44.79,1.0,9.42,0.37,1603,-18.35,17.56
14-027,Dány,69.64,21.69,2444,51.38,40.73,0.8,6.47,0.62,2750,-18.26,19.04
14-028,Délegyháza,51.88,35.38,2928,33.14,58.94,1.12,6.19,0.61,3585,-18.74,23.56
14-029,Diósd,43.36,44.48,6472,28.85,63.38,1.35,5.45,0.97,7394,-14.51,18.9
14-030,Domony,64.52,24.23,1226,43.53,49.08,0.59,6.21,0.59,1353,-20.99,24.85
14-031,Dömsöd,65.32,24.1,2979,46.48,44.57,0.82,7.42,0.71,3518,-18.84,20.47
14-032,Dunabogdány,59.66,22.27,1926,46.84,44.24,0.9,6.96,1.05,1996,-12.82,21.97
14-033,Dunaharaszti,46.04,40.34,12984,30.32,62.13,1.3,5.33,0.92,14728,-15.72,21.79
14-034,Dunakeszi,42.08,45.3,26869,28.16,64.29,1.28,5.29,0.98,26292,-13.92,18.99
14-035,Dunavarsány,47.75,38.73,4593,32.31,59.81,1.0,6.28,0.61,5593,-15.44,21.08
14-036,Ecser,47.82,39.74,2426,32.07,59.02,1.1,6.61,1.21,2738,-15.75,19.28
14-037,Erdőkertes,51.26,36.49,4744,33.8,57.24,1.35,6.82,0.78,5994,-17.46,20.75
14-038,Érd,46.66,41.53,42452,32.47,59.57,1.27,5.6,1.09,44809,-14.19,18.04
14-039,Farmos,59.03,28.32,1716,42.64,47.64,1.07,7.72,0.92,2059,-16.39,19.32
14-040,Felsőpakony,55.74,31.33,2065,36.78,52.62,0.83,8.52,1.25,2406,-18.96,21.29
14-041,Fót,47.7,40.14,11866,32.24,59.61,1.16,6.09,0.9,13382,-15.46,19.47
14-042,Galgagyörk,67.43,23.05,525,47.66,43.17,0.36,8.81,0.0,556,-19.77,20.12
14-043,Galgahévíz,62.86,26.68,1473,44.47,45.41,1.51,7.41,1.19,1592,-18.39,18.73
14-044,Galgamácsa,58.38,28.6,1014,41.12,49.18,0.9,8.31,0.49,1216,-17.26,20.58
14-045,Gomba,59.11,26.15,1614,38.93,51.06,0.77,8.0,1.24,1937,-20.18,24.91
14-046,Göd,44.24,42.07,12786,29.63,62.72,0.94,5.52,1.19,14131,-14.61,20.65
14-047,Gödöllő,45.03,42.42,20539,32.35,59.49,1.01,6.04,1.11,19122,-12.68,17.07
14-048,Gyál,49.58,37.3,12732,32.71,59.2,1.2,6.11,0.77,14974,-16.87,21.9
14-049,Gyömrő,47.11,39.05,10699,30.8,61.54,0.89,5.87,0.9,12367,-16.31,22.49
14-050,Halásztelek,46.88,41.03,6553,31.32,61.24,0.87,5.59,0.97,7704,-15.56,20.21
14-051,Herceghalom,45.59,44.05,1555,27.69,66.65,0.92,3.76,0.98,1730,-17.9,22.6
14-052,Hernád,56.29,32.11,2043,37.48,54.72,0.6,6.65,0.56,2511,-18.81,22.61
14-053,Hévízgyörk,55.36,32.78,1998,35.99,54.98,1.51,6.99,0.53,2259,-19.37,22.2
14-054,Iklad,44.51,33.19,1202,33.88,57.25,1.14,6.84,0.9,1228,-10.63,24.06
14-055,Inárcs,56.75,32.0,2594,37.92,52.59,1.02,7.94,0.53,3046,-18.83,20.59
14-056,Ipolydamásd,64.98,20.68,237,46.99,47.79,0.4,4.02,0.8,249,-17.99,27.11
14-057,Ipolytölgyes,56.52,32.61,138,50.99,43.05,0.0,5.3,0.66,151,-5.53,10.44
14-058,Isaszeg,54.53,33.1,6389,37.34,53.63,1.6,6.65,0.78,7172,-17.19,20.53
14-059,Jászkarajenő,69.55,19.95,1258,49.17,43.99,0.23,6.61,0.0,1332,-20.38,24.04
14-060,Kakucs,60.29,28.71,1599,41.08,49.11,1.25,8.09,0.47,1916,-19.21,20.4
14-061,Kartal,62.73,26.72,3196,41.94,49.18,0.71,7.78,0.39,3829,-20.79,22.46
14-062,Káva,57.45,29.81,369,33.5,58.13,0.74,6.9,0.74,406,-23.95,28.32
14-063,Kemence,67.88,23.71,523,51.11,40.37,1.11,6.48,0.93,540,-16.77,16.66
14-064,Kerepes,48.34,38.77,6262,32.27,59.33,0.88,6.67,0.85,7286,-16.07,20.56
14-065,Kiskunlacháza,56.96,31.43,4754,38.68,52.43,0.67,7.54,0.67,5651,-18.28,21.0
14-066,Kismaros,48.2,33.57,1579,32.69,57.24,1.11,7.68,1.28,1719,-15.51,23.67
14-067,Kisnémedi,57.36,28.17,394,37.04,54.6,0.64,7.07,0.64,467,-20.32,26.43
14-068,Kisoroszi,54.9,34.03,623,39.65,50.58,1.46,6.85,1.46,686,-15.25,16.55
14-069,Kistarcsa,48.79,39.54,7817,31.41,60.8,0.79,6.18,0.81,8812,-17.38,21.26
14-070,Kocsér,74.02,18.37,947,49.82,42.0,1.01,6.34,0.83,1088,-24.2,23.63
14-071,Kosd,64.19,24.24,1452,46.95,45.18,0.49,6.78,0.61,1638,-17.24,20.94
14-072,Kóka,62.86,24.1,2232,41.17,47.87,0.93,9.03,1.0,2701,-21.69,23.77
14-073,Kóspallag,59.12,23.09,433,38.46,44.91,1.87,13.51,1.25,481,-20.66,21.82
14-074,Kőröstetétlen,70.87,19.27,436,49.22,45.12,0.39,4.69,0.59,512,-21.65,25.85
14-075,Leányfalu,48.38,38.34,2402,34.55,56.99,1.02,6.46,0.98,2648,-13.83,18.65
14-076,Letkés,65.7,20.52,653,46.75,40.83,1.18,10.5,0.74,676,-18.95,20.31
14-077,Lórév,46.01,26.38,163,42.16,52.43,1.08,2.7,1.62,185,-3.85,26.05
14-078,Maglód,48.85,37.75,7161,32.61,58.56,1.48,6.53,0.83,7992,-16.24,20.81
14-079,Majosháza,58.78,32.18,951,39.07,52.82,1.15,6.08,0.88,1134,-19.71,20.64
14-080,Makád,72.64,19.0,658,46.5,42.59,0.4,9.7,0.81,742,-26.14,23.59
14-081,Márianosztra,61.45,25.11,454,42.92,46.0,0.62,10.06,0.41,487,-18.53,20.89
14-082,Mende,53.14,33.49,2275,33.68,56.56,1.19,7.31,1.26,2776,-19.46,23.07
14-083,Mikebuda,68.38,17.66,351,47.73,40.27,0.53,9.6,1.87,375,-20.65,22.61
14-084,Mogyoród,51.78,35.76,4320,35.91,56.31,0.9,6.13,0.75,5338,-15.87,20.55
14-085,Monor,56.34,31.09,11317,38.91,51.8,0.95,7.48,0.85,10942,-17.43,20.71
14-086,Nagybörzsöny,54.73,22.97,296,53.29,37.5,1.32,7.24,0.66,304,-1.44,14.53
14-087,Nagykáta,56.51,31.86,7797,43.69,48.37,0.71,6.82,0.41,7335,-12.82,16.51
14-088,Nagykovácsi,42.96,44.16,4909,28.72,63.11,0.71,6.11,1.35,5338,-14.24,18.95
14-089,Nagykőrös,59.77,29.54,11760,40.08,52.16,1.1,6.06,0.59,13538,-19.69,22.62
14-090,Nagymaros,57.2,27.73,2953,42.87,48.18,1.09,6.68,1.18,3219,-14.33,20.45
14-091,Nagytarcsa,49.71,36.47,3392,31.45,60.1,0.75,6.65,1.06,4153,-18.26,23.63
14-092,Nyáregyháza,59.56,25.24,1894,41.21,46.8,0.5,11.02,0.46,2378,-18.35,21.56
14-093,Nyársapát,61.85,27.7,899,43.51,47.81,0.93,7.38,0.37,1071,-18.34,20.11
14-094,Ócsa,59.71,27.34,5235,43.35,49.11,0.81,5.91,0.81,6139,-16.36,21.77
14-095,Örkény,64.44,26.05,2196,45.59,46.3,1.08,6.12,0.91,2417,-18.85,20.25
14-096,Őrbottyán,52.5,34.04,4465,35.29,56.52,0.82,6.72,0.65,5361,-17.21,22.48
14-097,Pánd,59.36,28.4,817,42.39,45.26,1.06,10.97,0.32,939,-16.97,16.86
14-098,Páty,50.72,37.23,4499,35.07,57.3,0.88,5.71,1.04,5215,-15.65,20.07
14-099,Penc,61.62,24.72,878,42.09,46.77,0.9,9.25,1.0,1005,-19.53,22.05
14-100,Perbál,57.33,28.75,1221,42.26,50.6,0.37,6.4,0.37,1344,-15.07,21.85
14-101,Perőcsény,59.09,28.28,198,39.51,42.39,3.7,11.52,2.88,243,-19.58,14.11
14-102,Pécel,49.95,37.72,9445,34.02,58.01,1.09,5.8,1.09,10213,-15.93,20.29
14-103,Péteri,50.15,34.64,1374,34.3,55.01,1.72,8.66,0.3,1685,-15.85,20.37
14-104,Pilis,59.08,29.25,5733,39.26,47.2,0.78,12.01,0.75,6693,-19.82,17.95
14-105,Pilisborosjenő,42.17,43.07,2452,28.32,63.73,0.79,5.53,1.63,2768,-13.85,20.66
14-106,Piliscsaba,47.79,35.94,4685,34.35,56.41,0.85,6.63,1.75,5155,-13.44,20.47
14-107,Pilisjászfalu,44.73,41.57,1044,27.43,62.92,1.45,6.6,1.6,1378,-17.3,21.35
14-108,Pilisszántó,52.84,33.2,1548,37.88,53.15,0.72,7.3,0.95,1795,-14.96,19.95
14-109,Pilisszentiván,51.56,31.91,2661,38.4,52.79,0.97,6.65,1.19,2781,-13.16,20.88
14-110,Pilisszentkereszt,54.73,31.37,1310,39.06,51.71,0.62,8.07,0.55,1462,-15.67,20.34
14-111,Pilisszentlászló,51.42,34.13,671,31.03,58.34,0.62,8.03,1.98,809,-20.39,24.21
14-112,Pilisvörösvár,51.32,30.51,8244,38.02,54.19,1.08,5.81,0.89,7946,-13.3,23.68
14-113,Pomáz,47.71,39.0,10466,33.44,58.34,1.3,5.62,1.3,11727,-14.27,19.34
14-114,Pócsmegyer,53.8,32.83,1526,37.62,52.59,1.24,7.2,1.35,1930,-16.18,19.76
14-115,Pusztavacs,63.58,24.49,637,44.8,45.19,0.66,8.96,0.4,759,-18.78,20.7
14-116,Pusztazámor,45.35,42.84,677,33.17,57.82,1.25,6.38,1.38,799,-12.18,14.98
14-117,Püspökhatvan,72.1,19.7,853,52.16,40.11,0.23,6.59,0.91,880,-19.94,20.41
14-118,Püspökszilágy,58.5,25.5,400,44.07,46.36,0.83,7.48,1.25,481,-14.43,20.86
14-119,Ráckeve,56.8,30.48,5660,38.14,53.74,0.86,6.52,0.74,5938,-18.66,23.26
14-120,Rád,64.06,25.22,1138,43.74,47.06,0.68,7.77,0.75,1326,-20.32,21.84
14-121,Solymár,48.11,37.06,6759,35.78,56.25,1.23,5.63,1.11,7182,-12.33,19.19
14-122,Sóskút,50.6,34.41,2014,31.32,58.7,0.65,8.5,0.82,2305,-19.28,24.29
14-123,Sülysáp,59.18,28.8,4535,37.15,54.46,0.53,7.08,0.79,5314,-22.03,25.66
14-124,Szada,51.5,36.01,3466,32.46,58.59,0.86,7.21,0.88,4190,-19.04,22.58
14-125,Százhalombatta,44.68,43.02,10505,30.6,61.13,1.65,5.83,0.79,11536,-14.08,18.11
14-126,Szentendre,44.96,43.18,19649,32.83,59.38,1.11,5.58,1.11,17272,-12.13,16.2
14-127,Szentlőrinckáta,61.44,27.22,900,48.99,42.16,0.77,7.51,0.58,1039,-12.45,14.94
14-128,Szentmártonkáta,57.2,30.87,2404,39.3,50.26,1.16,8.65,0.63,2855,-17.9,19.39
14-129,Szigetbecse,58.85,26.31,802,44.6,47.5,1.16,6.27,0.46,861,-14.25,21.19
14-130,Szigetcsép,50.27,32.71,1486,36.19,55.74,1.68,5.8,0.58,1724,-14.08,23.03
14-131,Szigethalom,47.49,40.11,9461,29.7,62.27,1.65,5.59,0.8,11304,-17.79,22.16
14-132,Szigetmonostor,51.52,34.33,1611,36.28,54.64,1.07,6.7,1.32,1971,-15.24,20.31
14-133,Szigetszentmárton,44.97,38.99,1372,29.76,61.88,1.27,6.85,0.24,1650,-15.21,22.89
14-134,Szigetszentmiklós,44.8,43.25,23135,30.07,61.73,1.28,5.79,1.13,23710,-14.73,18.48
14-135,Szigetújfalu,44.12,39.23,1249,31.14,58.6,2.5,6.66,1.11,1442,-12.98,19.37
14-136,Szob,59.19,28.14,1475,42.99,48.8,1.05,5.81,1.36,1619,-16.2,20.66
14-137,Szokolya,59.24,27.76,1023,38.17,48.98,1.15,10.16,1.56,1221,-21.07,21.22
14-138,Sződ,63.54,25.65,1813,42.87,48.63,0.67,6.91,0.91,2083,-20.67,22.98
14-139,Sződliget,47.51,40.29,2812,32.32,58.62,1.79,6.15,1.11,3236,-15.19,18.33
14-140,Tahitótfalu,59.39,28.68,3644,41.0,50.16,0.65,7.25,0.94,4139,-18.39,21.48
14-141,Taksony,46.9,33.45,3844,31.43,60.35,1.15,6.13,0.94,4159,-15.47,26.9
14-142,Tatárszentgyörgy,75.29,17.45,854,59.21,34.31,0.81,4.96,0.71,988,-16.08,16.86
14-143,Táborfalva,58.2,32.0,1653,38.81,52.76,0.36,7.44,0.62,1935,-19.39,20.76
14-144,Tápióbicske,63.1,24.12,1683,44.55,45.42,0.87,8.24,0.92,1953,-18.55,21.3
14-145,Tápiógyörgye,60.45,28.94,1517,40.48,51.42,1.26,6.02,0.82,1828,-19.97,22.48
14-146,Tápióság,58.41,31.75,1392,38.29,53.63,0.77,6.78,0.54,1682,-20.12,21.88
14-147,Tápiószecső,58.56,29.28,3200,39.61,52.18,0.8,6.62,0.78,3731,-18.95,22.9
14-148,Tápiószele,60.64,28.77,2708,44.67,48.74,0.62,5.64,0.33,3065,-15.97,19.97
14-149,Tápiószentmárton,66.95,23.29,2980,46.92,45.11,0.72,6.7,0.55,3478,-20.03,21.82
14-150,Tápiószőlős,64.44,24.68,1406,43.74,47.57,0.36,8.08,0.24,1646,-20.7,22.89
14-151,Tárnok,47.91,39.62,5621,32.08,59.48,1.17,6.24,1.04,6762,-15.83,19.86
14-152,Telki,43.07,45.6,2577,29.34,64.37,0.59,4.51,1.19,2860,-13.73,18.77
14-153,Tésa,48.21,41.07,56,31.25,53.12,3.12,12.5,0.0,64,-16.96,12.05
14-154,Tinnye,47.15,37.6,984,30.87,60.63,0.63,7.14,0.71,1260,-16.28,23.03
14-155,Tóalmás,63.38,26.43,1786,43.58,47.42,1.14,7.45,0.41,2189,-19.8,20.99
14-156,Tök,59.73,29.01,817,41.47,48.51,1.17,8.21,0.64,938,-18.26,19.5
14-157,Tököl,49.82,37.23,5713,33.67,58.15,1.19,6.15,0.83,6614,-16.15,20.92
14-158,Törökbálint,43.72,42.66,7951,30.75,62.11,1.04,5.24,0.86,9029,-12.97,19.45
14-159,Törtel,67.98,22.39,1952,48.51,45.0,0.79,5.31,0.4,2278,-19.47,22.61
14-160,Tura,64.46,25.88,4150,47.06,45.24,1.19,5.74,0.76,4613,-17.4,19.36
14-161,Újhartyán,54.11,24.01,1691,41.29,50.62,0.28,7.58,0.22,1780,-12.82,26.61
14-162,Újlengyel,68.11,21.48,1066,46.36,44.33,0.85,8.12,0.34,1182,-21.75,22.85
14-163,Újszilvás,69.57,21.49,1298,49.42,42.27,0.84,7.22,0.26,1552,-20.15,20.78
14-164,Úri,60.89,26.03,1414,40.89,48.82,0.5,8.86,0.93,1614,-20.0,22.79
14-165,Üllő,51.34,35.08,6619,34.84,56.88,1.09,6.24,0.95,8083,-16.5,21.8
14-166,Üröm,42.34,45.03,4908,28.27,64.31,0.91,5.42,1.1,5466,-14.07,19.28
14-167,Valkó,66.58,23.4,1158,51.13,41.73,1.28,5.49,0.38,1330,-15.45,18.33
14-168,Vasad,64.7,22.57,1068,43.39,47.9,0.32,7.76,0.63,1263,-21.31,25.33
14-169,Vác,50.86,37.93,21232,35.66,55.99,1.07,6.2,1.08,20654,-15.2,18.06
14-170,Vácduka,53.7,32.46,918,35.43,56.38,0.26,6.55,1.38,1160,-18.27,23.92
14-171,Vácegres,64.9,22.2,473,45.97,44.01,0.89,8.41,0.72,559,-18.93,21.81
14-172,Váchartyán,59.49,28.14,1091,43.62,47.49,0.33,7.57,0.99,1215,-15.87,19.35
14-173,Váckisújfalu,64.86,25.34,296,42.51,47.09,0.31,8.56,1.53,327,-22.35,21.75
14-174,Vácrátót,57.23,30.41,1141,36.38,56.7,0.23,5.56,1.14,1762,-20.85,26.29
14-175,Vácszentlászló,62.89,25.35,1199,41.42,48.51,1.28,7.94,0.85,1410,-21.47,23.16
14-176,Vámosmikola,73.55,17.91,726,57.05,33.38,0.63,8.19,0.76,794,-16.5,15.47
14-177,Vecsés,46.74,38.41,13272,33.64,58.31,1.05,6.05,0.94,12527,-13.1,19.9
14-178,Veresegyház,45.57,41.98,11334,28.54,63.34,1.14,6.05,0.93,13425,-17.03,21.36
14-179,Verőce,55.25,30.18,2286,36.1,53.66,0.71,7.99,1.54,2540,-19.15,23.48
14-180,Verseg,68.01,22.05,644,46.74,39.54,0.68,12.77,0.27,736,-21.27,17.49
14-181,Visegrád,55.87,28.28,997,45.01,45.01,1.1,7.98,0.9,1002,-10.86,16.73
14-182,Zebegény,52.56,28.9,782,40.48,48.86,0.84,7.66,2.16,835,-12.08,19.96
14-183,Zsámbék,53.98,32.87,3194,38.49,53.5,1.04,5.88,1.09,3572,-15.49,20.63
14-184,Zsámbok,60.39,28.88,1295,45.06,46.43,0.89,6.58,1.03,1458,-15.33,17.55
14-185,Csörög,63.44,25.45,1045,46.89,44.67,0.98,6.64,0.82,1220,-16.55,19.22
14-186,Remeteszőlős,43.37,44.15,641,31.01,59.57,0.58,7.25,1.59,690,-12.36,15.42
14-187,Monorierdő,54.08,30.72,2598,37.7,52.5,1.24,8.07,0.5,3223,-16.38,21.78
15-001,Alsóbogát,76.8,16.0,125,58.14,36.43,1.55,3.1,0.78,129,-18.66,20.43
15-002,Andocs,68.74,21.85,531,52.5,41.73,0.77,4.04,0.96,520,-16.24,19.88
15-003,Ádánd,62.47,29.1,1127,44.98,46.35,1.14,6.85,0.68,1314,-17.49,17.25
15-004,Babócsa,63.12,31.34,686,48.67,46.42,0.27,4.38,0.27,754,-14.45,15.08
15-005,Bakháza,65.48,28.57,84,46.67,45.56,0.0,7.78,0.0,90,-18.81,16.99
15-006,Balatonberény,52.37,39.24,632,35.51,56.81,0.58,5.94,1.16,690,-16.86,17.57
15-007,Balatonboglár,53.92,37.11,3201,39.79,53.09,1.15,5.36,0.62,3564,-14.13,15.98
15-008,Balatonendréd,62.6,23.96,722,46.64,42.12,1.34,9.65,0.24,819,-15.96,18.16
15-009,Balatonfenyves,59.1,30.17,1137,44.86,47.95,1.39,5.03,0.77,1293,-14.24,17.78
15-010,Balatonföldvár,49.02,41.49,1422,38.44,54.98,1.43,4.17,0.98,1535,-10.58,13.49
15-011,Balatonkeresztúr,49.95,37.16,931,34.39,56.94,2.14,5.31,1.21,1073,-15.56,19.78
15-012,Balatonlelle,58.16,31.72,2689,41.27,51.01,1.03,6.0,0.7,3019,-16.89,19.29
15-013,Balatonmáriafürdő,49.17,35.93,423,37.79,50.73,1.04,9.81,0.63,479,-11.38,14.8
15-014,Balatonőszöd,62.87,28.01,307,46.69,43.67,1.81,6.93,0.9,332,-16.18,15.66
15-015,Balatonszabadi,56.75,32.61,1616,41.14,50.11,1.29,6.28,1.18,1862,-15.61,17.5
15-016,Balatonszárszó,51.36,37.68,1287,40.22,52.71,1.59,4.98,0.51,1385,-11.14,15.03
15-017,Balatonszemes,59.59,29.65,1032,43.88,47.1,1.84,6.26,0.92,1087,-15.71,17.45
15-018,Balatonszentgyörgy,56.47,35.51,873,43.12,49.95,1.71,4.59,0.64,937,-13.35,14.44
15-019,Balatonújlak,62.6,28.63,262,44.44,45.49,1.74,7.64,0.69,288,-18.16,16.86
15-020,Barcs,48.38,41.0,6614,37.83,54.74,1.82,5.08,0.52,5334,-10.55,13.74
15-021,Baté,55.69,33.18,422,35.33,56.12,1.85,6.47,0.23,433,-20.36,22.94
15-022,Bábonymegyer,64.72,24.85,326,41.62,51.02,0.51,6.35,0.51,394,-23.1,26.17
15-023,Bálványos,58.7,28.99,276,42.43,50.15,1.19,5.93,0.3,337,-16.27,21.16
15-024,Bárdudvarnok,55.82,29.34,593,38.75,50.0,0.46,9.73,1.06,658,-17.07,20.66
15-025,Bedegkér,77.56,16.03,156,45.51,50.56,0.56,2.25,1.12,178,-32.05,34.53
15-026,Beleg,74.72,21.51,265,57.67,38.33,0.67,3.33,0.0,300,-17.05,16.82
15-027,Berzence,67.41,24.22,1160,53.07,40.47,0.55,5.43,0.47,1270,-14.34,16.25
15-028,Bélavár,70.21,24.47,188,52.28,44.67,0.0,2.54,0.51,197,-17.93,20.2
15-029,Bodrog,63.96,23.35,197,38.26,49.57,0.43,10.43,1.3,230,-25.7,26.22
15-030,Bolhás,75.11,17.6,233,59.13,35.65,0.0,4.35,0.87,230,-15.98,18.05
15-031,Bolhó,68.26,17.41,293,64.52,27.6,1.79,6.09,0.0,279,-3.74,10.19
15-032,Bonnya,66.39,13.93,122,51.38,41.28,2.75,3.67,0.92,109,-15.01,27.35
15-033,Böhönye,65.76,25.8,1031,44.68,48.49,0.78,5.62,0.43,1157,-21.08,22.69
15-034,Bőszénfa,64.6,23.89,226,44.96,46.9,0.0,8.14,0.0,258,-19.64,23.01
15-035,Buzsák,56.31,32.46,650,41.37,49.09,1.4,7.71,0.42,713,-14.94,16.63
15-036,Büssü,81.03,15.52,116,75.68,12.61,1.8,9.91,0.0,111,-5.35,-2.91
15-037,Csákány,77.42,15.05,93,68.75,26.04,1.04,4.17,0.0,96,-8.67,10.99
15-038,Cserénfa,62.12,27.27,132,35.82,55.97,2.99,5.22,0.0,134,-26.3,28.7
15-039,Csokonyavisonta,64.59,27.05,706,49.37,42.64,1.52,5.46,1.02,788,-15.22,15.59
15-040,Csoma,66.81,24.57,232,50.92,40.59,1.11,7.38,0.0,271,-15.89,16.02
15-041,Csombárd,61.49,32.43,148,44.51,45.73,2.44,6.71,0.61,164,-16.98,13.3
15-042,Csököly,79.74,11.23,454,58.98,35.92,0.41,4.29,0.41,490,-20.76,24.69
15-043,Csömend,68.67,22.67,150,59.76,36.09,0.59,3.55,0.0,169,-8.91,13.42
15-044,Csurgó,60.07,31.8,2522,41.17,50.76,1.4,6.12,0.55,2711,-18.9,18.96
15-045,Csurgónagymarton,62.34,27.27,77,39.76,46.99,2.41,10.84,0.0,83,-22.58,19.72
15-046,Darány,53.83,27.16,405,46.12,47.33,0.97,4.85,0.73,412,-7.71,20.17
15-047,Drávagárdony,76.32,18.42,76,65.71,27.14,0.0,5.71,1.43,70,-10.61,8.72
15-048,Drávatamási,75.25,17.82,101,54.13,39.45,0.0,6.42,0.0,109,-21.12,21.63
15-049,Ecseny,72.38,9.52,105,72.73,17.17,1.01,9.09,0.0,99,0.35,7.65
15-050,Edde,81.82,11.36,88,71.25,27.5,0.0,1.25,0.0,80,-10.57,16.14
15-051,Felsőmocsolád,68.94,24.84,161,46.96,47.51,0.55,4.42,0.55,181,-21.98,22.67
15-052,Fiad,65.08,28.57,63,53.57,42.86,1.79,0.0,1.79,56,-11.51,14.29
15-053,Fonó,57.14,35.37,147,42.51,49.1,4.19,4.19,0.0,167,-14.63,13.73
15-054,Fonyód,52.46,37.25,2907,38.23,52.95,2.05,5.99,0.79,3173,-14.23,15.7
15-055,Főnyed,75.0,25.0,44,44.74,47.37,0.0,7.89,0.0,38,-30.26,22.37
15-056,Gadács,65.0,30.0,40,41.18,54.9,0.0,3.92,0.0,51,-23.82,24.9
15-057,Gadány,77.94,14.71,136,60.71,35.0,0.0,3.57,0.71,140,-17.23,20.29
15-058,Gamás,80.43,13.35,322,61.96,31.9,0.61,5.52,0.0,326,-18.47,18.55
15-059,Gálosfa,84.96,8.85,113,62.07,31.03,1.72,5.17,0.0,116,-22.89,22.18
15-060,Gige,80.0,14.19,155,58.06,36.02,0.54,5.38,0.0,186,-21.94,21.83
15-061,Gölle,68.67,25.81,399,53.58,37.53,2.22,6.42,0.25,405,-15.09,11.72
15-062,Görgeteg,70.35,23.81,462,51.94,44.19,0.19,3.49,0.19,516,-18.41,20.38
15-063,Gyékényes,66.79,24.07,536,48.92,43.19,1.79,5.73,0.36,558,-17.87,19.12
15-064,Gyugy,71.43,22.36,161,53.41,38.64,0.0,7.95,0.0,176,-18.02,16.28
15-065,Hajmás,85.71,9.52,105,64.21,33.68,0.0,2.11,0.0,95,-21.5,24.16
15-066,Hács,66.1,18.64,177,39.9,52.4,0.48,6.25,0.96,208,-26.2,33.76
15-067,Háromfa,61.79,30.45,335,44.89,49.15,0.28,4.55,1.14,352,-16.9,18.7
15-068,Hedrehely,80.89,12.1,157,64.71,28.24,2.94,3.53,0.59,170,-16.18,16.14
15-069,Hencse,67.78,27.22,180,56.5,37.85,1.13,3.95,0.56,177,-11.28,10.63
15-070,Heresznye,72.73,15.7,121,57.98,34.45,0.0,6.72,0.84,119,-14.75,18.75
15-071,Hetes,62.58,26.42,636,46.09,45.54,1.1,7.13,0.14,729,-16.49,19.12
15-072,Hollád,74.05,19.08,131,57.38,37.7,0.0,3.28,1.64,122,-16.67,18.62
15-073,Homokszentgyörgy,68.95,24.43,438,47.31,45.45,1.65,5.37,0.21,484,-21.64,21.02
15-074,Hosszúvíz,69.23,23.08,26,51.85,29.63,0.0,18.52,0.0,27,-17.38,6.55
15-075,Igal,58.28,32.82,719,45.51,47.23,2.21,4.8,0.25,813,-12.77,14.41
15-076,Iharos,74.15,19.51,205,50.41,45.04,0.41,4.13,0.0,242,-23.74,25.53
15-077,Iharosberény,72.49,21.0,538,54.16,40.13,0.16,5.06,0.49,613,-18.33,19.13
15-078,Inke,69.07,19.49,472,50.45,43.56,0.36,5.63,0.0,551,-18.62,24.07
15-079,Istvándi,90.16,6.56,183,66.15,30.77,0.51,2.05,0.51,195,-24.01,24.21
15-080,Jákó,72.89,18.66,284,52.4,41.02,1.5,5.09,0.0,334,-20.49,22.36
15-081,Juta,51.73,35.16,694,33.91,57.09,1.19,6.62,1.19,755,-17.82,21.93
15-082,Kadarkút,67.03,25.18,1104,51.45,42.58,0.84,4.59,0.54,1308,-15.58,17.4
15-083,Kapoly,69.52,20.32,315,48.67,43.36,0.0,6.49,1.47,339,-20.85,23.04
15-084,Kaposfő,58.89,26.92,832,40.04,51.39,0.64,7.6,0.32,934,-18.85,24.47
15-085,Kaposgyarmat,43.1,41.38,58,35.48,53.23,1.61,8.06,1.61,62,-7.62,11.85
15-086,Kaposhomok,64.47,20.81,197,43.58,49.54,0.92,5.5,0.46,218,-20.89,28.73
15-087,Kaposkeresztúr,77.17,16.54,127,62.41,31.21,1.42,4.96,0.0,141,-14.76,14.67
15-088,Kaposmérő,57.17,31.61,1373,40.82,50.49,1.31,6.79,0.59,1531,-16.35,18.88
15-089,Kaposszerdahely,57.52,28.2,532,37.84,55.74,0.34,5.74,0.34,592,-19.68,27.54
15-090,Kaposújlak,46.84,38.35,412,30.67,61.77,1.08,6.05,0.43,463,-16.17,23.42
15-091,Kaposvár,47.4,41.02,34852,34.34,57.54,1.56,5.91,0.64,35421,-13.06,16.52
15-092,Karád,73.44,20.32,753,56.03,37.09,1.17,4.8,0.91,771,-17.41,16.77
15-093,Kastélyosdombó,66.29,14.61,89,61.45,36.14,0.0,2.41,0.0,83,-4.84,21.53
15-094,Kaszó,52.94,35.29,51,40.68,45.76,3.39,10.17,0.0,59,-12.26,10.47
15-095,Kazsok,90.57,6.29,159,77.91,19.63,0.0,2.45,0.0,163,-12.66,13.34
15-096,Kálmáncsa,76.26,15.95,257,59.04,37.35,0.4,3.21,0.0,249,-17.22,21.4
15-097,Kánya,73.3,16.99,206,55.09,35.65,0.93,6.94,1.39,216,-18.21,18.66
15-098,Kára,78.12,18.75,32,62.5,37.5,0.0,0.0,0.0,32,-15.62,18.75
15-099,Kelevíz,64.48,25.68,183,52.1,43.11,0.6,4.19,0.0,167,-12.38,17.43
15-100,Kercseliget,62.99,22.08,154,44.81,51.3,0.0,3.25,0.65,154,-18.18,29.22
15-101,Kereki,63.36,25.68,292,40.24,47.04,0.89,10.95,0.89,338,-23.12,21.36
15-102,Kéthely,60.78,30.44,1071,46.73,46.48,0.76,5.79,0.25,1192,-14.05,16.04
15-103,Kisasszond,57.81,26.56,64,37.5,56.82,0.0,4.55,1.14,88,-20.31,30.26
15-104,Kisbajom,67.86,25.0,168,52.91,41.86,0.0,5.23,0.0,172,-14.95,16.86
15-105,Kisbárapáti,72.92,23.96,192,47.4,47.98,1.73,2.31,0.58,173,-25.52,24.02
15-106,Kisberény,68.35,11.39,79,45.45,33.77,0.0,19.48,1.3,77,-22.9,22.38
15-107,Kisgyalán,65.14,30.28,109,53.85,43.27,1.92,0.96,0.0,104,-11.29,12.99
15-108,Kiskorpád,62.81,27.39,449,45.15,47.05,0.63,6.33,0.84,474,-17.66,19.66
15-109,Komlósd,69.9,27.18,103,52.34,42.06,0.93,4.67,0.0,107,-17.56,14.88
15-110,Kötcse,65.53,26.14,264,46.31,43.29,2.68,7.72,0.0,298,-19.22,17.15
15-111,Kőkút,83.82,8.67,173,73.0,18.5,2.0,5.5,1.0,200,-10.82,9.83
15-112,Kőröshegy,59.95,30.89,764,41.66,50.51,1.7,5.9,0.23,881,-18.29,19.62
15-113,Kutas,67.12,24.79,593,53.58,39.57,0.76,6.09,0.0,657,-13.54,14.78
15-114,Lad,66.53,30.2,245,52.14,43.57,0.36,3.21,0.71,280,-14.39,13.37
15-115,Lakócsa,61.14,18.01,211,61.72,34.93,1.44,1.91,0.0,209,0.58,16.92
15-116,Lábod,63.35,29.39,895,52.77,39.78,0.91,5.94,0.6,993,-10.58,10.39
15-117,Látrány,64.63,25.49,769,48.52,43.84,1.48,5.67,0.49,812,-16.11,18.35
15-118,Lengyeltóti,61.6,27.15,1466,46.06,46.0,0.74,6.95,0.25,1611,-15.54,18.85
15-119,Libickozma,58.33,37.5,24,50.0,38.89,0.0,11.11,0.0,18,-8.33,1.39
15-120,Lulla,70.83,21.67,120,47.58,47.58,1.61,3.23,0.0,124,-23.25,25.91
15-121,Magyaratád,61.31,25.79,442,41.65,52.78,0.41,5.15,0.0,485,-19.66,26.99
15-122,Magyaregres,55.49,30.09,319,42.15,50.14,0.83,6.34,0.55,363,-13.34,20.05
15-123,Marcali,50.75,39.07,7966,40.12,51.92,1.47,6.0,0.48,6400,-10.63,12.85
15-124,Mernye,56.74,32.58,712,40.12,53.42,1.24,4.72,0.5,805,-16.62,20.84
15-125,Mesztegnyő,62.7,28.46,622,50.07,43.04,0.72,5.16,1.0,697,-12.63,14.58
15-126,Mezőcsokonya,64.65,24.76,529,46.36,46.82,0.61,5.76,0.45,660,-18.29,22.06
15-127,Mike,73.45,16.37,226,49.61,46.06,0.39,3.15,0.79,254,-23.84,29.69
15-128,Miklósi,68.22,18.69,107,47.06,46.08,0.0,6.86,0.0,102,-21.16,27.39
15-129,Mosdós,62.26,26.42,424,47.54,41.74,1.56,8.71,0.45,448,-14.72,15.32
15-130,Nagyatád,45.51,45.63,5654,33.18,59.53,1.69,5.16,0.44,5965,-12.33,13.9
15-131,Nagybajom,66.88,26.21,1404,50.64,42.24,1.16,5.7,0.25,1631,-16.24,16.03
15-132,Nagyberény,62.03,25.94,690,44.14,47.1,1.29,6.95,0.51,777,-17.89,21.16
15-133,Nagyberki,58.19,29.74,696,40.88,49.62,0.75,8.38,0.38,800,-17.31,19.88
15-134,Nagycsepely,62.5,27.4,208,54.79,37.44,3.2,4.11,0.46,219,-7.71,10.04
15-135,Nagykorpád,72.2,22.41,241,51.53,41.98,0.0,5.73,0.76,262,-20.67,19.57
15-136,Nagyszakácsi,58.28,31.29,163,46.34,46.95,0.61,6.1,0.0,164,-11.94,15.66
15-137,Nágocs,62.12,25.76,264,46.73,44.86,0.93,7.17,0.31,321,-15.39,19.1
15-138,Nemesdéd,89.85,6.46,325,77.96,18.42,0.33,3.29,0.0,304,-11.89,11.96
15-139,Nemeskisfalud,82.86,17.14,35,64.29,30.95,0.0,4.76,0.0,42,-18.57,13.81
15-140,Nemesvid,75.68,19.26,296,60.92,35.21,0.35,3.52,0.0,284,-14.76,15.95
15-141,Nikla,78.62,16.98,318,64.76,29.21,0.63,5.4,0.0,315,-13.86,12.23
15-142,Nyim,55.76,34.55,165,45.65,44.02,1.09,5.98,3.26,184,-10.11,9.47
15-143,Orci,52.23,38.22,314,35.36,57.68,0.58,5.8,0.58,345,-16.87,19.46
15-144,Ordacsehi,69.12,22.35,434,55.6,38.17,1.45,4.77,0.0,482,-13.52,15.82
15-145,Osztopán,66.37,24.02,333,54.62,40.49,0.27,4.35,0.27,368,-11.75,16.47
15-146,Öreglak,70.82,22.46,699,51.53,43.07,1.02,4.38,0.0,685,-19.29,20.61
15-147,Ötvöskónyi,68.13,24.87,386,58.5,34.95,0.49,4.85,1.21,412,-9.63,10.08
15-148,Őrtilos,68.91,20.17,238,51.09,40.15,2.19,6.57,0.0,274,-17.82,19.98
15-149,Pamuk,77.59,11.21,116,53.9,44.68,0.0,1.42,0.0,141,-23.69,33.47
15-150,Patalom,80.84,11.38,167,68.21,26.59,1.16,4.05,0.0,173,-12.63,15.21
15-151,Patca,74.29,20.0,35,55.88,38.24,2.94,2.94,0.0,34,-18.41,18.24
15-152,Patosfa,71.43,24.37,119,54.74,37.96,0.73,6.57,0.0,137,-16.69,13.59
15-153,Pálmajor,97.9,2.1,143,87.31,11.19,0.0,1.49,0.0,134,-10.59,9.09
15-154,Péterhida,55.06,25.84,89,38.71,46.24,1.08,13.98,0.0,93,-16.35,20.4
15-155,Pogányszentpéter,65.71,26.53,245,49.28,44.93,0.0,5.8,0.0,276,-16.43,18.4
15-156,Polány,80.58,13.59,103,63.48,30.43,0.0,6.09,0.0,115,-17.1,16.84
15-157,Porrog,83.06,13.71,124,69.67,28.69,0.82,0.82,0.0,122,-13.39,14.98
15-158,Porrogszentkirály,84.52,10.32,155,60.0,34.0,0.0,4.67,1.33,150,-24.52,23.68
15-159,Porrogszentpál,90.0,7.5,40,68.09,29.79,0.0,2.13,0.0,47,-21.91,22.29
15-160,Potony,62.22,5.56,90,59.76,34.15,0.0,6.1,0.0,82,-2.46,28.59
15-161,Pusztakovácsi,83.46,12.59,405,64.97,29.19,0.51,5.33,0.0,394,-18.49,16.6
15-162,Pusztaszemes,64.09,29.55,220,46.22,47.01,0.8,5.18,0.8,251,-17.87,17.46
15-163,Ráksi,73.12,19.71,279,49.81,41.57,0.75,7.49,0.37,267,-23.31,21.86
15-164,Rinyabesenyő,85.71,9.52,84,65.17,34.83,0.0,0.0,0.0,89,-20.54,25.31
15-165,Rinyakovácsi,81.48,14.81,81,81.72,18.28,0.0,0.0,0.0,93,0.24,3.47
15-166,Rinyaszentkirály,61.39,32.28,158,45.93,47.67,1.16,3.49,1.74,172,-15.46,15.39
15-167,Rinyaújlak,66.17,24.81,133,59.56,33.09,0.74,6.62,0.0,136,-6.61,8.28
15-168,Rinyaújnép,90.0,0.0,20,72.73,18.18,0.0,9.09,0.0,22,-17.27,18.18
15-169,Ságvár,59.52,30.43,1045,42.51,50.2,1.04,5.52,0.72,1249,-17.01,19.77
15-170,Sántos,55.74,33.11,296,36.14,56.93,0.3,6.63,0.0,332,-19.6,23.82
15-171,Sávoly,63.55,30.84,214,52.74,43.88,0.0,2.53,0.84,237,-10.81,13.04
15-172,Segesd,60.69,30.61,931,46.29,45.78,0.51,6.82,0.61,983,-14.4,15.17
15-173,Sérsekszőlős,57.32,24.39,82,52.94,43.53,2.35,0.0,1.18,85,-4.38,19.14
15-174,Simonfa,46.35,32.29,192,34.25,54.72,1.18,9.45,0.39,254,-12.1,22.43
15-175,Siófok,50.43,39.47,16138,38.81,52.9,1.54,5.8,0.95,14383,-11.62,13.43
15-176,Siójut,55.8,27.35,362,42.09,46.43,1.79,9.44,0.26,392,-13.71,19.08
15-177,Som,61.26,27.23,382,42.45,46.52,1.68,8.63,0.72,417,-18.81,19.29
15-178,Somodor,70.75,22.17,212,56.25,38.84,0.89,4.02,0.0,224,-14.5,16.67
15-179,Somogyacsa,64.52,30.65,62,45.76,52.54,0.0,0.0,1.69,59,-18.76,21.89
15-180,Somogyaracs,88.16,11.84,76,75.9,22.89,0.0,1.2,0.0,83,-12.26,11.05
15-181,Somogyaszaló,58.29,32.12,386,38.88,54.43,0.86,5.62,0.22,463,-19.41,22.31
15-182,Somogybabod,51.81,39.49,276,35.94,54.69,0.31,8.75,0.31,320,-15.87,15.2
15-183,Somogybükkösd,62.96,22.22,54,47.54,36.07,1.64,14.75,0.0,61,-15.42,13.85
15-184,Somogycsicsó,64.79,29.58,71,42.86,46.43,0.0,10.71,0.0,84,-21.93,16.85
15-185,Somogydöröcske,53.95,26.32,76,42.47,43.84,0.0,13.7,0.0,73,-11.48,17.52
15-186,Somogyegres,72.62,16.67,84,45.0,48.75,0.0,5.0,1.25,80,-27.62,32.08
15-187,Somogyfajsz,79.57,14.04,235,64.34,29.07,0.78,5.04,0.78,258,-15.23,15.03
15-188,Somogygeszti,64.13,26.09,184,52.71,45.32,0.0,1.48,0.49,203,-11.42,19.23
15-189,Somogyjád,63.29,28.15,771,44.2,48.26,1.62,5.45,0.46,862,-19.09,20.11
15-190,Somogymeggyes,60.19,28.7,216,50.89,42.86,1.34,4.46,0.45,224,-9.3,14.16
15-191,Somogysámson,89.26,8.05,298,74.19,20.97,0.32,4.52,0.0,310,-15.07,12.92
15-192,Somogysárd,63.56,27.11,568,49.53,43.75,0.62,5.47,0.62,640,-14.03,16.64
15-193,Somogysimonyi,92.86,7.14,28,77.78,14.81,0.0,7.41,0.0,27,-15.08,7.67
15-194,Somogyszentpál,80.79,15.56,302,59.8,36.15,0.34,3.38,0.34,296,-20.99,20.59
15-195,Somogyszil,68.39,23.71,329,49.05,40.33,1.09,9.26,0.27,367,-19.34,16.62
15-196,Somogyszob,61.98,29.61,797,42.03,50.46,0.91,5.69,0.91,878,-19.95,20.85
15-197,Somogytúr,64.17,21.67,240,48.8,41.24,1.37,7.9,0.69,291,-15.37,19.57
15-198,Somogyudvarhely,66.9,25.31,565,47.29,49.26,0.33,3.12,0.0,609,-19.61,23.95
15-199,Somogyvámos,58.86,23.42,333,47.89,40.0,0.85,10.42,0.85,355,-10.97,16.58
15-200,Somogyvár,73.31,17.83,858,54.62,38.26,0.56,6.23,0.33,899,-18.69,20.43
15-201,Somogyzsitfa,59.92,35.86,237,54.74,36.13,1.82,7.3,0.0,274,-5.18,0.27
15-202,Szabadi,64.54,20.57,141,43.92,51.35,1.35,2.7,0.68,148,-20.62,30.78
15-203,Szabás,73.52,23.0,287,60.44,33.33,0.37,5.13,0.73,273,-13.08,10.33
15-204,Szántód,51.75,37.5,400,41.35,51.91,0.9,4.72,1.12,445,-10.4,14.41
15-205,Szegerdő,85.05,10.28,107,69.3,26.32,2.63,1.75,0.0,114,-15.75,16.04
15-206,Szenna,55.61,30.17,401,36.63,52.05,1.69,8.19,1.45,415,-18.98,21.88
15-207,Szenta,71.0,24.0,200,52.63,46.84,0.0,0.53,0.0,190,-18.37,22.84
15-208,Szentbalázs,58.52,28.98,176,44.88,45.85,1.46,6.34,1.46,205,-13.64,16.87
15-209,Szentborbás,54.76,21.43,42,54.76,45.24,0.0,0.0,0.0,42,0.0,23.81
15-210,Szentgáloskér,71.67,24.58,240,51.78,42.69,0.4,4.35,0.79,253,-19.89,18.11
15-211,Szenyér,94.02,2.56,117,75.76,17.42,0.0,5.3,1.52,132,-18.26,14.86
15-212,Szilvásszentmárton,78.3,16.98,106,54.4,41.6,0.8,2.4,0.8,125,-23.9,24.62
15-213,Szorosad,59.65,38.6,57,43.1,50.0,0.0,5.17,1.72,58,-16.55,11.4
15-214,Szólád,64.26,26.65,319,46.72,45.36,0.82,6.56,0.55,366,-17.54,18.71
15-215,Szőkedencs,77.3,17.73,141,58.78,29.77,1.53,8.4,1.53,131,-18.52,12.04
15-216,Szőlősgyörök,66.13,20.35,688,48.32,42.14,0.64,8.12,0.77,776,-17.81,21.79
15-217,Szulok,47.96,16.3,319,43.07,53.56,0.0,3.0,0.37,267,-4.89,37.26
15-218,Tab,53.27,34.03,2189,40.49,52.82,1.42,4.79,0.49,2465,-12.78,18.79
15-219,Tapsony,68.22,27.13,258,51.31,43.45,0.75,4.49,0.0,267,-16.91,16.32
15-220,Tarany,63.82,31.54,539,41.91,53.72,0.81,3.56,0.0,618,-21.91,22.18
15-221,Taszár,43.6,44.57,1032,28.22,62.65,1.74,6.67,0.73,1095,-15.38,18.08
15-222,Táska,85.45,10.8,213,66.15,27.08,1.56,4.69,0.52,192,-19.3,16.28
15-223,Teleki,74.53,19.81,106,57.14,38.46,2.2,2.2,0.0,91,-17.39,18.65
15-224,Tengőd,71.36,16.02,206,55.75,31.42,0.44,11.5,0.88,226,-15.61,15.4
15-225,Tikos,80.36,12.5,56,65.62,32.81,0.0,1.56,0.0,64,-14.74,20.31
15-226,Torvaj,66.39,15.57,122,50.0,42.06,0.79,6.35,0.79,126,-16.39,26.49
15-227,Tótújfalu,62.62,10.28,107,62.04,32.41,0.93,4.63,0.0,108,-0.58,22.13
15-228,Törökkoppány,62.69,27.86,201,47.85,41.63,1.91,8.13,0.48,209,-14.84,13.77
15-229,Újvárfalva,81.73,16.35,104,71.3,27.78,0.93,0.0,0.0,108,-10.43,11.43
15-230,Varászló,81.94,16.67,72,65.52,31.03,1.72,1.72,0.0,58,-16.42,14.36
15-231,Várda,57.09,27.59,261,40.3,47.76,1.87,9.7,0.37,268,-16.79,20.17
15-232,Vése,57.45,30.12,322,48.58,43.75,1.99,5.4,0.28,352,-8.87,13.63
15-233,Visnye,66.99,13.59,103,40.0,39.13,0.0,19.13,1.74,115,-26.99,25.54
15-234,Visz,73.53,18.63,102,52.38,45.71,0.0,1.9,0.0,105,-21.15,27.08
15-235,Vízvár,54.66,36.02,236,36.5,58.17,0.76,4.18,0.38,263,-18.16,22.15
15-236,Vörs,66.15,23.35,257,50.76,40.15,1.14,7.2,0.76,264,-15.39,16.8
15-237,Zala,73.13,14.18,134,59.21,30.26,1.97,7.24,1.32,152,-13.92,16.08
15-238,Zamárdi,54.66,34.56,1493,40.26,50.0,1.3,7.69,0.74,1612,-14.4,15.44
15-239,Zákány,59.53,31.53,593,44.64,47.84,1.28,5.6,0.64,625,-14.89,16.31
15-240,Zics,67.47,18.67,166,52.94,40.64,0.53,5.88,0.0,187,-14.53,21.97
15-241,Zimány,62.77,27.74,274,39.93,52.75,0.73,4.76,1.83,273,-22.84,25.01
15-242,Zselickisfalud,56.93,29.93,137,36.84,54.39,2.63,5.26,0.88,114,-20.09,24.46
15-243,Zselickislak,59.66,28.76,233,42.04,48.16,0.82,7.76,1.22,245,-17.62,19.4
15-244,Zselicszentpál,53.23,32.26,248,36.84,52.63,0.35,10.18,0.0,285,-16.39,20.37
15-245,Zákányfalu,60.0,29.6,250,42.25,50.35,0.35,5.63,1.41,284,-17.75,20.75
15-246,Balatonvilágos,43.27,43.9,795,31.78,59.98,0.76,6.4,1.08,922,-11.49,16.08
16-001,Ajak,56.29,34.68,2027,39.3,55.43,0.66,4.0,0.61,2127,-16.99,20.75
16-002,Anarcs,59.91,26.69,933,40.35,50.65,1.48,7.33,0.19,1078,-19.56,23.96
16-003,Apagy,61.62,27.47,1063,43.71,47.11,1.5,6.73,0.95,1263,-17.91,19.64
16-004,Aranyosapáti,84.16,12.73,966,65.86,32.49,0.44,1.1,0.11,908,-18.3,19.76
16-005,Baktalórántháza,77.84,16.96,2247,63.39,32.97,0.73,2.64,0.27,2196,-14.45,16.01
16-006,Balkány,67.58,24.05,2782,46.09,48.31,0.79,4.43,0.38,3159,-21.49,24.26
16-007,Balsa,68.28,25.27,372,46.02,44.47,1.54,7.46,0.51,389,-22.26,19.2
16-008,Barabás,73.3,19.9,412,60.13,34.54,1.49,3.41,0.43,469,-13.17,14.64
16-009,Bátorliget,58.81,30.11,352,45.23,44.14,0.0,9.81,0.82,367,-13.58,14.03
16-010,Benk,66.25,29.17,240,53.22,42.49,0.0,4.29,0.0,233,-13.03,13.32
16-011,Beregdaróc,75.78,19.42,417,62.91,33.57,0.0,3.29,0.23,426,-12.87,14.15
16-012,Beregsurány,77.99,18.11,359,66.08,30.99,1.17,1.75,0.0,342,-11.91,12.88
16-013,Berkesz,69.05,25.17,433,50.54,44.25,0.65,3.9,0.65,461,-18.51,19.08
16-014,Besenyőd,79.94,13.66,344,58.13,37.87,0.8,2.93,0.27,375,-21.81,24.21
16-015,Beszterec,74.5,18.75,400,53.0,42.4,0.92,3.0,0.69,434,-21.5,23.65
16-016,Biri,59.06,31.12,662,42.0,52.93,0.13,4.29,0.65,769,-17.06,21.81
16-017,Botpalád,76.32,19.3,342,66.76,30.97,0.57,1.7,0.0,352,-9.56,11.67
16-018,Bököny,85.43,10.91,1366,61.48,32.9,0.21,4.8,0.62,1459,-23.95,21.99
16-019,Buj,63.95,25.64,1057,43.99,48.64,1.04,5.69,0.64,1248,-19.96,23.0
16-020,Cégénydányád,71.87,20.61,359,54.62,41.3,0.54,3.26,0.27,368,-17.25,20.69
16-021,Csaholc,83.15,15.02,273,61.3,36.78,0.0,1.92,0.0,261,-21.85,21.76
16-022,Csaroda,72.58,16.05,299,48.84,45.95,0.58,4.34,0.29,346,-23.74,29.9
16-023,Császló,80.81,15.7,172,68.97,28.16,0.0,2.87,0.0,174,-11.84,12.46
16-024,Csegöld,75.0,19.74,380,58.31,38.26,0.26,3.17,0.0,379,-16.69,18.52
16-025,Csenger,63.02,27.11,2431,48.58,45.28,0.68,5.27,0.19,2639,-14.44,18.17
16-026,Csengersima,77.43,16.54,381,58.03,37.56,0.0,4.4,0.0,386,-19.4,21.02
16-027,Csengerújfalu,69.41,22.95,353,50.96,43.53,0.55,4.41,0.55,363,-18.45,20.58
16-028,Darnó,90.32,3.23,62,62.5,33.33,1.39,2.78,0.0,72,-27.82,30.1
16-029,Demecser,67.17,25.21,1995,50.14,44.28,0.83,4.47,0.28,2168,-17.03,19.07
16-030,Dombrád,66.87,24.94,1624,45.48,49.05,0.5,4.69,0.28,1792,-21.39,24.11
16-031,Döge,64.45,26.33,1052,43.7,52.36,0.34,3.17,0.43,1167,-20.75,26.03
16-032,Encsencs,86.01,10.86,829,70.68,25.31,0.11,3.46,0.45,897,-15.33,14.45
16-033,Eperjeske,75.05,19.13,481,61.94,34.21,1.01,2.63,0.2,494,-13.11,15.08
16-034,Érpatak,73.81,19.58,817,50.22,44.25,0.22,4.56,0.76,922,-23.59,24.67
16-035,Fábiánháza,81.02,12.52,743,63.21,30.12,0.25,6.17,0.25,810,-17.81,17.6
16-036,Fehérgyarmat,62.56,29.62,4156,41.44,52.53,0.8,5.06,0.16,4365,-21.12,22.91
16-037,Fényeslitke,65.07,26.41,1314,43.7,50.81,0.66,4.4,0.44,1364,-21.37,24.4
16-038,Fülesd,72.2,22.87,223,53.74,40.97,0.0,5.29,0.0,227,-18.46,18.1
16-039,Fülpösdaróc,78.42,14.21,190,66.03,27.75,1.91,2.87,1.44,209,-12.39,13.54
16-040,Gacsály,87.64,10.99,364,73.39,24.65,0.56,1.12,0.28,357,-14.25,13.66
16-041,Garbolc,93.26,5.62,89,87.91,10.99,0.0,1.1,0.0,91,-5.35,5.37
16-042,Gávavencsellő,68.59,22.07,1563,51.65,43.96,0.46,3.81,0.12,1731,-16.94,21.89
16-043,Gelénes,85.56,11.11,270,75.88,20.62,0.78,2.72,0.0,257,-9.68,9.51
16-044,Gemzse,73.74,21.97,396,57.25,38.82,0.25,3.19,0.49,407,-16.49,16.85
16-045,Geszteréd,72.0,20.94,850,51.74,43.51,0.32,4.12,0.32,947,-20.26,22.57
16-046,Géberjén,74.24,17.29,295,57.48,36.88,1.99,3.65,0.0,301,-16.76,19.59
16-047,Gégény,64.73,26.72,842,45.28,46.96,1.05,6.39,0.31,954,-19.45,20.24
16-048,Gulács,75.96,16.1,441,59.87,37.18,0.0,2.73,0.21,476,-16.09,21.08
16-049,Győröcske,54.69,31.25,64,50.0,42.86,1.43,5.71,0.0,70,-4.69,11.61
16-050,Győrtelek,77.03,17.08,679,66.67,29.3,0.3,3.29,0.45,669,-10.36,12.22
16-051,Gyulaháza,63.57,26.9,829,44.47,49.89,0.64,4.89,0.11,940,-19.1,22.99
16-052,Gyügye,71.9,14.38,153,59.54,35.84,0.0,3.47,1.16,173,-12.36,21.46
16-053,Gyüre,81.4,13.95,602,64.63,28.66,0.6,5.82,0.3,670,-16.77,14.71
16-054,Hermánszeg,75.18,18.25,137,68.38,24.26,0.0,6.62,0.74,136,-6.8,6.01
16-055,Hetefejércse,91.11,5.19,135,72.96,24.53,0.0,2.52,0.0,159,-18.15,19.34
16-056,Hodász,81.34,15.02,1318,66.17,31.74,0.47,1.55,0.07,1481,-15.17,16.72
16-057,Ibrány,63.9,27.99,3044,41.56,52.55,0.83,4.5,0.56,3378,-22.34,24.56
16-058,Ilk,82.85,13.27,618,63.17,32.92,0.16,3.29,0.47,638,-19.68,19.65
16-059,Jánd,78.61,15.87,416,58.68,37.41,0.0,3.67,0.24,409,-19.93,21.54
16-060,Jánkmajtis,76.44,17.78,900,62.45,32.97,0.55,3.38,0.66,916,-13.99,15.19
16-061,Jármi,66.01,25.61,656,50.27,43.47,1.2,4.93,0.13,750,-15.74,17.86
16-062,Jéke,51.9,33.15,368,35.99,56.49,0.46,6.83,0.23,439,-15.91,23.34
16-063,Kállósemjén,67.75,22.78,1721,45.61,48.31,0.75,4.94,0.4,2006,-22.14,25.53
16-064,Kálmánháza,65.54,22.83,946,45.51,44.87,0.93,8.33,0.37,1081,-20.03,22.04
16-065,Kántorjánosi,85.58,11.02,853,71.88,25.49,0.33,2.19,0.11,914,-13.7,14.47
16-066,Kemecse,67.47,24.61,2487,49.09,45.22,0.77,4.42,0.51,2738,-18.38,20.61
16-067,Kék,71.62,19.03,909,53.4,40.0,1.22,4.67,0.71,985,-18.22,20.97
16-068,Kékcse,77.41,17.11,748,59.2,37.07,1.07,2.53,0.13,750,-18.21,19.96
16-069,Kérsemjén,86.3,7.53,146,62.07,35.06,0.0,2.87,0.0,174,-24.23,27.53
16-070,Kisar,72.23,21.71,479,59.12,36.07,0.0,4.61,0.2,499,-13.11,14.36
16-071,Kishódos,97.06,2.94,34,54.76,40.48,2.38,2.38,0.0,42,-42.3,37.54
16-072,Kisléta,70.18,22.55,825,44.43,51.78,0.24,3.44,0.12,844,-25.75,29.23
16-073,Kisnamény,81.58,13.82,152,67.72,29.92,0.79,0.79,0.79,127,-13.86,16.1
16-074,Kispalád,83.08,15.38,260,74.71,23.37,0.0,1.92,0.0,261,-8.37,7.99
16-075,Kisszekeres,75.37,19.12,272,55.24,38.81,2.1,3.15,0.7,286,-20.13,19.69
16-076,Kisvarsány,68.29,22.17,451,50.75,42.72,0.0,5.97,0.56,536,-17.54,20.55
16-077,Kisvárda,49.82,39.53,10339,35.63,58.15,1.16,4.73,0.34,8655,-14.19,18.62
16-078,Kocsord,72.44,18.01,1477,52.68,39.97,0.62,6.59,0.14,1456,-19.76,21.96
16-079,Komlódtótfalu,87.5,7.81,64,70.89,20.25,0.0,8.86,0.0,79,-16.61,12.44
16-080,Komoró,61.39,25.63,632,48.26,45.54,0.45,5.6,0.15,661,-13.13,19.91
16-081,Kótaj,63.91,27.34,2092,45.75,47.96,0.82,5.13,0.35,2575,-18.16,20.62
16-082,Kölcse,71.06,21.9,653,54.56,39.64,0.97,4.28,0.55,724,-16.5,17.74
16-083,Kömörő,74.18,22.55,275,53.36,42.05,0.0,4.24,0.35,283,-20.82,19.5
16-084,Laskod,63.56,27.98,461,42.56,54.96,0.21,2.27,0.0,484,-21.0,26.98
16-085,Levelek,65.45,23.71,1337,41.39,51.79,0.84,5.72,0.26,1539,-24.06,28.08
16-086,Lónya,84.48,10.63,348,69.32,24.48,1.47,4.13,0.59,339,-15.16,13.85
16-087,Lövőpetri,72.69,15.87,271,58.18,32.36,0.0,9.45,0.0,275,-14.51,16.49
16-088,Magosliget,92.45,7.55,159,86.96,9.94,0.62,2.48,0.0,161,-5.49,2.39
16-089,Magy,73.43,18.18,429,55.46,37.42,1.11,5.79,0.22,449,-17.97,19.24
16-090,Mánd,69.85,22.06,136,38.78,53.74,0.0,7.48,0.0,147,-31.07,31.68
16-091,Mándok,61.19,31.83,1747,48.57,46.83,0.36,3.83,0.41,1958,-12.62,15.0
16-092,Máriapócs,67.66,19.46,1002,50.86,41.97,0.48,6.31,0.38,1046,-16.8,22.51
16-093,Márokpapi,83.94,11.68,274,70.51,24.75,0.0,4.41,0.34,295,-13.43,13.07
16-094,Mátészalka,53.26,35.71,10123,39.49,53.98,0.9,5.26,0.38,8783,-13.77,18.27
16-095,Mátyus,89.72,7.48,107,66.39,29.51,0.0,3.28,0.82,122,-23.33,22.03
16-096,Mezőladány,78.36,12.76,439,57.6,36.4,0.2,5.6,0.2,500,-20.76,23.64
16-097,Méhtelek,78.84,17.97,345,55.2,37.28,1.16,6.07,0.29,346,-23.64,19.31
16-098,Mérk,81.13,12.94,1028,64.55,30.33,0.57,4.27,0.28,1055,-16.58,17.39
16-099,Milota,84.75,12.2,459,62.3,30.47,0.59,6.25,0.39,512,-22.45,18.27
16-100,Nagyar,82.24,10.86,304,56.35,33.75,0.31,8.67,0.93,323,-25.89,22.89
16-101,Nagycserkesz,72.78,17.35,709,52.1,40.91,0.38,6.23,0.38,787,-20.68,23.56
16-102,Nagydobos,76.21,16.16,891,54.29,37.22,0.82,7.36,0.31,978,-21.92,21.06
16-103,Nagyecsed,76.65,16.81,2582,56.34,37.49,0.51,5.49,0.18,2769,-20.31,20.68
16-104,Nagyhalász,66.93,24.34,2531,46.29,47.86,0.77,4.78,0.29,2739,-20.64,23.52
16-105,Nagyhódos,78.87,14.08,71,60.56,26.76,0.0,12.68,0.0,71,-18.31,12.68
16-106,Nagykálló,56.16,34.06,4660,37.94,55.13,0.76,5.67,0.5,5416,-18.22,21.07
16-107,Nagyszekeres,71.81,22.03,227,53.82,41.77,1.61,2.81,0.0,249,-17.99,19.74
16-108,Nagyvarsány,70.78,21.05,722,45.7,48.09,0.36,5.61,0.24,838,-25.08,27.04
16-109,Napkor,63.15,25.66,1894,43.66,49.42,1.15,5.26,0.51,2169,-19.49,23.76
16-110,Nábrád,68.15,23.99,496,47.78,47.41,0.74,3.89,0.19,540,-20.37,23.42
16-111,Nemesborzova,55.56,25.93,54,51.61,37.1,1.61,9.68,0.0,62,-3.95,11.17
16-112,Nyírbátor,53.98,37.24,7227,41.11,52.5,0.84,4.99,0.55,5587,-12.87,15.26
16-113,Nyírbéltek,80.29,13.35,1461,67.4,27.17,0.26,4.85,0.32,1546,-12.89,13.82
16-114,Nyírbogát,71.42,20.27,1914,50.05,44.36,0.2,5.15,0.25,2040,-21.37,24.09
16-115,Nyírbogdány,62.07,29.56,1350,47.69,46.43,0.88,4.67,0.32,1583,-14.38,16.87
16-116,Nyírcsaholy,74.98,18.4,1027,57.18,36.77,0.28,5.67,0.09,1058,-17.8,18.37
16-117,Nyírcsászári,74.06,19.21,609,52.61,41.41,0.46,5.37,0.15,652,-21.45,22.2
16-118,Nyírderzs,82.63,11.98,334,66.56,30.65,0.31,2.48,0.0,323,-16.07,18.67
16-119,Nyíregyháza,46.61,41.71,67138,31.91,61.06,1.23,5.16,0.64,68092,-14.7,19.35
16-120,Nyírgelse,67.59,22.1,543,46.61,47.26,0.48,5.32,0.32,620,-20.98,25.16
16-121,Nyírgyulaj,62.89,21.3,892,47.68,46.2,0.79,4.74,0.59,1013,-15.21,24.9
16-122,Nyíribrony,69.37,23.24,568,54.64,40.38,0.86,3.78,0.34,582,-14.73,17.14
16-123,Nyírjákó,67.47,22.83,495,46.88,45.7,0.78,6.64,0.0,512,-20.59,22.87
16-124,Nyírkarász,70.06,21.76,1089,54.14,40.08,0.92,4.44,0.42,1195,-15.92,18.32
16-125,Nyírkáta,84.13,11.64,945,69.18,27.04,0.82,2.55,0.41,980,-14.95,15.4
16-126,Nyírkércs,70.23,20.0,440,52.29,42.71,0.21,4.58,0.21,480,-17.94,22.71
16-127,Nyírlövő,70.03,19.62,367,51.6,43.32,0.27,4.81,0.0,374,-18.43,23.7
16-128,Nyírlugos,70.62,21.79,1331,47.46,46.94,0.59,4.82,0.2,1534,-23.16,25.15
16-129,Nyírmada,70.25,24.38,1842,52.11,42.79,0.79,4.16,0.15,2019,-18.14,18.41
16-130,Nyírmeggyes,59.81,30.05,1381,39.69,53.35,0.77,5.49,0.7,1567,-20.12,23.3
16-131,Nyírmihálydi,84.99,10.44,833,67.94,27.45,0.69,3.58,0.35,867,-17.05,17.01
16-132,Nyírparasznya,82.31,12.47,441,64.84,31.37,0.21,3.16,0.42,475,-17.47,18.9
16-133,Nyírpazony,52.45,34.17,2063,32.14,60.24,0.8,6.27,0.56,2505,-20.31,26.07
16-134,Nyírpilis,89.72,8.52,399,78.38,20.88,0.25,0.49,0.0,407,-11.34,12.36
16-135,Nyírtass,72.89,21.71,889,50.1,45.64,0.1,3.85,0.3,986,-22.79,23.93
16-136,Nyírtelek,58.07,31.22,3344,38.91,53.3,1.0,6.39,0.41,3912,-19.16,22.08
16-137,Nyírtét,68.94,23.86,528,46.52,48.68,0.83,3.48,0.5,604,-22.42,24.82
16-138,Nyírtura,52.53,34.49,948,30.53,59.13,1.18,8.83,0.34,1189,-22.0,24.64
16-139,Nyírvasvári,76.38,17.66,940,58.93,36.39,0.47,4.12,0.09,1069,-17.45,18.73
16-140,Olcsva,71.87,23.68,359,55.3,41.09,0.26,3.36,0.0,387,-16.57,17.41
16-141,Olcsvaapáti,82.93,12.8,164,63.87,32.26,0.0,3.87,0.0,155,-19.06,19.46
16-142,Ófehértó,69.29,20.33,1107,56.09,36.67,0.69,5.62,0.92,1298,-13.2,16.34
16-143,Ópályi,72.97,20.7,1232,58.17,37.4,0.46,3.89,0.08,1310,-14.8,16.7
16-144,Ököritófülpös,75.29,18.98,785,64.88,31.01,0.87,2.99,0.25,803,-10.41,12.03
16-145,Ömböly,73.26,15.51,187,56.28,39.2,0.0,4.02,0.5,199,-16.98,23.69
16-146,Őr,70.87,19.28,690,50.78,41.54,1.43,5.73,0.52,768,-20.09,22.26
16-147,Panyola,69.68,19.35,310,47.15,46.2,0.0,5.7,0.95,316,-22.53,26.85
16-148,Pap,65.0,22.84,880,39.51,52.61,0.76,6.74,0.38,1053,-25.49,29.77
16-149,Papos,72.86,22.62,420,54.13,39.67,0.41,4.96,0.83,484,-18.73,17.05
16-150,Paszab,85.51,11.09,559,68.72,29.05,0.0,2.23,0.0,537,-16.79,17.96
16-151,Pátroha,75.03,18.04,1430,56.54,38.74,0.46,3.93,0.33,1528,-18.49,20.7
16-152,Pátyod,75.41,17.38,305,54.65,39.72,0.0,5.07,0.56,355,-20.76,22.34
16-153,Penészlek,80.59,13.27,505,62.37,32.02,0.0,5.41,0.21,481,-18.22,18.75
16-154,Penyige,77.56,18.01,361,53.75,39.25,0.75,6.0,0.25,400,-23.81,21.24
16-155,Petneháza,68.41,19.9,804,55.68,36.71,0.88,6.06,0.66,907,-12.73,16.81
16-156,Piricse,82.06,13.07,903,70.82,25.3,0.3,3.49,0.1,1004,-11.24,12.23
16-157,Porcsalma,74.66,17.68,1097,58.03,35.51,0.26,5.93,0.26,1146,-16.63,17.83
16-158,Pócspetri,68.28,22.32,766,48.65,43.6,0.12,7.14,0.49,812,-19.63,21.28
16-159,Pusztadobos,77.57,16.64,709,66.98,28.92,0.41,3.27,0.41,733,-10.59,12.28
16-160,Rakamaz,58.45,31.94,2195,39.35,52.64,0.54,6.97,0.5,2409,-19.1,20.7
16-161,Ramocsaháza,74.81,20.31,655,53.9,41.04,0.82,3.83,0.41,731,-20.91,20.73
16-162,Rápolt,69.35,16.13,62,60.87,31.88,1.45,4.35,1.45,69,-8.48,15.75
16-163,Rétközberencs,77.94,17.04,399,62.68,33.81,0.21,3.09,0.21,485,-15.26,16.77
16-164,Rohod,79.32,13.25,619,62.39,30.89,1.83,4.74,0.15,654,-16.93,17.64
16-165,Rozsály,74.19,17.74,310,64.26,30.03,1.5,3.9,0.3,333,-9.93,12.29
16-166,Sényő,64.97,23.11,688,44.32,48.45,0.46,6.2,0.57,871,-20.65,25.34
16-167,Sonkád,68.87,27.21,408,53.09,40.46,0.77,5.67,0.0,388,-15.78,13.25
16-168,Szabolcs,52.28,38.07,197,40.48,50.95,0.48,7.14,0.95,210,-11.8,12.88
16-169,Szabolcsbáka,67.14,24.16,563,45.28,50.0,0.33,4.23,0.16,614,-21.86,25.84
16-170,Szabolcsveresmart,69.34,22.48,685,47.1,43.93,0.66,8.18,0.13,758,-22.24,21.45
16-171,Szakoly,66.19,24.58,1192,48.49,45.27,0.82,5.14,0.27,1460,-17.7,20.69
16-172,Szamosangyalos,80.75,14.72,265,56.4,40.0,0.8,2.8,0.0,250,-24.35,25.28
16-173,Szamosbecs,84.58,11.94,201,73.53,21.43,0.84,3.36,0.84,238,-11.05,9.49
16-174,Szamoskér,55.61,26.34,205,33.94,54.3,0.45,10.86,0.45,221,-21.67,27.96
16-175,Szamossályi,72.67,18.02,344,56.76,38.92,0.27,4.05,0.0,370,-15.91,20.9
16-176,Szamosszeg,78.02,14.04,869,62.66,31.28,0.53,5.43,0.11,940,-15.36,17.24
16-177,Szamostatárfalva,81.37,16.77,161,72.07,26.82,0.56,0.56,0.0,179,-9.3,10.05
16-178,Szamosújlak,73.49,18.14,215,63.84,31.7,0.0,4.02,0.45,224,-9.65,13.56
16-179,Szatmárcseke,80.97,14.44,720,59.29,35.37,1.02,3.82,0.51,786,-21.68,20.93
16-180,Székely,68.21,22.27,431,51.16,42.95,0.42,5.47,0.0,475,-17.05,20.68
16-181,Tarpa,76.66,15.89,1114,59.56,34.32,0.52,5.33,0.26,1145,-17.1,18.43
16-182,Tákos,83.25,12.92,209,62.38,35.24,0.0,2.38,0.0,210,-20.87,22.32
16-183,Terem,70.03,22.71,317,48.56,41.95,0.0,8.33,1.15,348,-21.47,19.24
16-184,Tiborszállás,72.82,17.24,493,54.95,39.81,0.19,4.85,0.19,515,-17.87,22.57
16-185,Timár,74.91,19.43,530,54.26,38.33,0.56,6.3,0.56,540,-20.65,18.9
16-186,Tiszaadony,78.9,16.21,327,66.89,27.15,1.66,4.3,0.0,302,-12.01,10.94
16-187,Tiszabecs,75.37,19.3,544,57.24,38.89,0.17,3.54,0.17,594,-18.13,19.59
16-188,Tiszabercel,79.25,16.67,882,62.06,32.89,0.41,4.23,0.41,970,-17.19,16.22
16-189,Tiszabezdéd,71.59,21.16,690,47.93,47.42,0.26,4.13,0.26,774,-23.66,26.26
16-190,Tiszacsécse,77.6,15.2,125,49.6,41.6,0.8,8.0,0.0,125,-28.0,26.4
16-191,Tiszadada,75.79,17.8,1045,54.71,38.98,0.7,5.31,0.3,998,-21.08,21.18
16-192,Tiszadob,64.89,25.86,1071,46.13,49.52,0.35,3.48,0.52,1151,-18.76,23.66
16-193,Tiszaeszlár,76.35,17.03,1133,55.13,37.78,0.93,5.6,0.56,1072,-21.22,20.75
16-194,Tiszakanyár,71.79,20.38,780,53.43,41.29,0.92,3.96,0.4,758,-18.36,20.91
16-195,Tiszakerecseny,79.09,17.07,416,63.07,32.95,0.0,3.98,0.0,352,-16.02,15.88
16-196,Tiszakóród,73.42,19.47,380,55.05,38.13,1.01,5.05,0.76,396,-18.37,18.66
16-197,Tiszalök,58.16,32.7,2483,37.34,55.97,1.2,5.0,0.49,2839,-20.82,23.27
16-198,Tiszamogyorós,71.93,19.3,342,50.61,40.85,0.3,7.32,0.91,328,-21.32,21.55
16-199,Tiszanagyfalu,63.76,27.53,850,46.45,48.55,0.5,3.7,0.8,999,-17.31,21.02
16-200,Tiszarád,81.22,15.74,197,66.48,30.77,0.0,2.75,0.0,182,-14.74,15.03
16-201,Tiszaszalka,69.67,23.43,478,51.18,43.9,0.98,3.74,0.2,508,-18.49,20.47
16-202,Tiszaszentmárton,74.13,20.22,549,58.11,37.61,0.53,3.57,0.18,561,-16.02,17.39
16-203,Tiszatelek,64.17,25.57,653,42.76,52.28,0.41,4.55,0.0,725,-21.41,26.71
16-204,Tiszavasvári,54.94,33.95,5688,42.61,50.95,0.85,5.04,0.55,6369,-12.33,17.0
16-205,Tiszavid,86.46,10.92,229,68.34,29.65,0.0,2.01,0.0,199,-18.12,18.73
16-206,Tisztaberek,89.87,7.59,316,66.01,30.69,0.99,2.31,0.0,303,-23.86,23.1
16-207,Tivadar,71.05,23.68,114,41.46,52.03,0.81,5.69,0.0,123,-29.59,28.35
16-208,Tornyospálca,63.33,26.4,1129,48.78,45.64,0.79,4.56,0.24,1273,-14.55,19.24
16-209,Tunyogmatolcs,69.29,23.4,1107,52.34,43.05,0.65,3.55,0.4,1238,-16.95,19.65
16-210,Tuzsér,74.23,18.95,1525,62.4,33.05,0.13,4.35,0.07,1516,-11.83,14.1
16-211,Túristvándi,80.45,13.13,358,59.13,35.97,0.0,4.9,0.0,367,-21.32,22.84
16-212,Túrricse,73.95,21.85,357,62.64,35.16,0.0,2.2,0.0,364,-11.31,13.31
16-213,Tyukod,72.72,20.74,887,57.28,35.24,0.42,6.55,0.52,962,-15.44,14.5
16-214,Ura,72.14,20.43,323,50.49,42.67,0.33,6.19,0.33,307,-21.65,22.24
16-215,Uszka,84.62,14.93,221,78.63,20.09,0.0,0.85,0.43,234,-5.99,5.16
16-216,Újdombrád,71.29,20.97,310,44.41,45.21,0.53,9.31,0.53,376,-26.88,24.24
16-217,Újfehértó,65.24,26.36,6209,40.74,52.87,0.49,5.32,0.57,7486,-24.5,26.51
16-218,Újkenéz,73.33,19.51,405,59.47,36.75,0.89,2.67,0.22,449,-13.86,17.24
16-219,Vaja,75.52,16.56,1793,60.07,33.71,0.73,5.13,0.36,1931,-15.45,17.15
16-220,Vasmegyer,69.01,24.25,697,54.19,41.27,0.6,3.35,0.6,836,-14.82,17.02
16-221,Vállaj,79.41,15.99,544,61.56,32.85,0.64,4.63,0.32,627,-17.85,16.86
16-222,Vámosatya,72.86,17.84,269,55.91,35.13,1.43,7.53,0.0,279,-16.95,17.29
16-223,Vámosoroszi,87.1,9.03,310,75.64,18.55,0.73,4.73,0.36,275,-11.46,9.52
16-224,Vásárosnamény,59.81,31.41,6524,45.54,48.44,0.93,4.58,0.51,3757,-14.27,17.03
16-225,Zajta,80.1,10.47,191,68.65,28.65,0.54,2.16,0.0,185,-11.45,18.18
16-226,Záhony,41.9,48.57,2205,31.86,61.61,1.51,4.76,0.26,2313,-10.04,13.04
16-227,Zsarolyán,77.89,17.09,199,57.21,38.43,0.0,3.93,0.44,229,-20.68,21.34
16-228,Zsurk,56.97,34.67,323,42.61,49.15,1.7,6.25,0.28,352,-14.36,14.48
16-229,Szorgalmatos,51.07,36.54,468,34.55,58.93,0.58,5.37,0.58,521,-16.52,22.39
17-001,Alsónána,58.63,29.86,365,38.78,52.2,1.22,7.8,0.0,410,-19.85,22.34
17-002,Alsónyék,62.09,27.2,364,41.72,48.48,1.63,7.46,0.7,429,-20.37,21.28
17-003,Aparhant,61.5,19.83,600,53.47,39.76,0.17,6.26,0.34,591,-8.03,19.93
17-004,Attala,68.1,19.75,395,49.68,42.49,0.0,7.4,0.42,473,-18.42,22.74
17-005,Báta,77.98,15.64,831,57.93,36.29,0.4,5.38,0.0,744,-20.05,20.65
17-006,Bátaapáti,60.95,28.57,210,50.22,46.29,0.44,3.06,0.0,229,-10.73,17.72
17-007,Bátaszék,54.26,31.09,3306,40.6,49.34,0.96,8.41,0.69,3640,-13.66,18.25
17-008,Belecska,58.82,30.72,153,48.08,44.23,0.64,6.41,0.64,156,-10.74,13.51
17-009,Bikács,70.67,12.89,225,60.43,31.74,1.3,6.52,0.0,230,-10.24,18.85
17-010,Bogyiszló,72.98,19.3,1062,53.52,37.21,0.41,8.69,0.16,1220,-19.46,17.91
17-011,Bonyhád,55.49,28.23,7144,41.19,50.35,1.09,6.96,0.41,7269,-14.3,22.12
17-012,Bonyhádvarasd,57.31,16.21,253,52.68,40.62,0.45,5.8,0.45,224,-4.63,24.41
17-013,Bölcske,68.08,21.84,1438,49.87,42.24,1.13,6.56,0.19,1586,-18.21,20.4
17-014,Cikó,66.99,18.45,515,48.54,41.79,0.91,8.58,0.18,548,-18.45,23.34
17-015,Csibrák,67.59,19.44,108,54.95,38.74,0.0,5.41,0.9,111,-12.64,19.3
17-016,Csikóstőttős,58.63,24.11,394,42.69,47.1,1.39,8.12,0.7,431,-15.94,22.99
17-017,Dalmand,68.74,22.65,627,52.17,39.44,1.24,6.68,0.47,644,-16.57,16.79
17-018,Decs,69.81,20.85,1971,51.75,42.06,0.75,5.03,0.42,2147,-18.06,21.21
17-019,Diósberény,57.89,12.5,152,50.33,43.05,1.32,3.97,1.32,151,-7.56,30.55
17-020,Dombóvár,52.57,34.49,10833,39.54,51.88,1.3,6.71,0.56,9934,-13.03,17.39
17-021,Döbrököz,66.59,16.01,868,50.21,38.22,0.83,10.54,0.21,968,-16.38,22.21
17-022,Dunaföldvár,57.9,29.36,4342,40.84,50.0,0.95,7.35,0.86,4856,-17.06,20.64
17-023,Dunaszentgyörgy,67.27,19.52,1378,48.38,42.74,0.78,7.78,0.32,1542,-18.89,23.22
17-024,Dúzs,65.49,28.32,113,48.09,44.27,2.29,3.82,1.53,131,-17.4,15.95
17-025,Értény,86.04,7.79,308,82.62,13.41,0.3,3.35,0.3,328,-3.42,5.62
17-026,Fadd,67.53,22.84,2036,49.56,41.75,1.1,7.11,0.49,2266,-17.97,18.91
17-027,Fácánkert,67.31,24.18,364,45.89,42.03,0.0,11.11,0.97,414,-21.42,17.85
17-028,Felsőnána,64.79,21.97,355,49.39,42.73,0.61,5.15,2.12,330,-15.4,20.76
17-029,Felsőnyék,78.07,15.78,488,63.51,31.66,0.18,4.47,0.18,559,-14.56,15.88
17-030,Fürged,69.89,18.59,269,58.91,33.82,1.09,6.18,0.0,275,-10.98,15.23
17-031,Gerjen,74.84,19.11,628,50.0,43.5,0.71,5.08,0.71,708,-24.84,24.39
17-032,Grábóc,82.29,8.33,96,65.96,26.6,1.06,6.38,0.0,94,-16.33,18.27
17-033,Gyönk,64.14,24.39,898,51.89,42.0,1.47,3.89,0.74,950,-12.25,17.61
17-034,Györe,54.52,28.92,332,36.91,51.57,1.31,9.42,0.79,382,-17.61,22.65
17-035,Györköny,50.83,19.82,545,45.38,45.77,0.58,7.5,0.77,520,-5.45,25.95
17-036,Gyulaj,82.35,10.59,340,74.09,22.84,0.0,3.06,0.0,359,-8.26,12.25
17-037,Harc,61.27,26.29,426,45.26,44.42,1.47,8.63,0.21,475,-16.01,18.13
17-038,Hőgyész,54.41,30.84,1349,44.4,48.47,1.28,5.56,0.29,1403,-10.01,17.63
17-039,Iregszemcse,54.97,32.33,1166,37.96,53.53,1.02,6.84,0.65,1375,-17.01,21.2
17-040,Izmény,73.3,11.76,221,53.94,34.85,0.41,10.37,0.41,241,-19.36,23.09
17-041,Jágónak,79.38,13.4,97,55.65,39.52,0.81,3.23,0.81,124,-23.73,26.12
17-042,Kajdacs,64.88,21.9,484,45.64,49.54,0.19,4.27,0.37,539,-19.24,27.64
17-043,Kakasd,70.31,15.88,970,55.18,35.22,0.38,8.93,0.29,1042,-15.13,19.34
17-044,Kalaznó,71.43,17.46,63,56.52,28.99,1.45,13.04,0.0,69,-14.91,11.53
17-045,Kapospula,61.15,25.27,471,44.97,46.15,0.0,7.89,0.99,507,-16.18,20.88
17-046,Kaposszekcső,52.65,30.06,775,39.95,51.26,0.48,7.94,0.36,831,-12.7,21.2
17-047,Keszőhidegkút,42.24,17.24,116,69.44,30.56,0.0,0.0,0.0,72,27.2,13.32
17-048,Kéty,64.31,22.34,367,44.5,44.25,0.49,10.51,0.24,409,-19.81,21.91
17-049,Kisdorog,62.29,17.04,358,60.11,34.97,1.09,3.55,0.27,366,-2.18,17.93
17-050,Kismányok,51.1,18.13,182,38.89,48.48,0.0,12.63,0.0,198,-12.21,30.35
17-051,Kisszékely,80.47,11.83,169,62.94,30.59,1.18,4.71,0.59,170,-17.53,18.76
17-052,Kistormás,65.56,24.5,151,55.63,35.1,2.65,6.62,0.0,151,-9.93,10.6
17-053,Kisvejke,52.75,17.58,182,50.97,36.77,0.65,10.32,1.29,155,-1.78,19.19
17-054,Kocsola,62.32,25.05,475,49.38,46.52,0.71,2.85,0.53,561,-12.94,21.47
17-055,Koppányszántó,80.0,10.97,155,62.87,25.15,1.2,10.78,0.0,167,-17.13,14.18
17-056,Kölesd,70.29,22.79,680,53.56,40.27,0.81,4.97,0.4,745,-16.73,17.48
17-057,Kurd,57.68,19.79,475,44.89,47.35,0.38,7.39,0.0,528,-12.79,27.56
17-058,Lápafő,68.75,26.56,64,60.56,36.62,1.41,1.41,0.0,71,-8.19,10.06
17-059,Lengyel,55.12,31.1,254,40.89,49.8,1.62,6.88,0.81,247,-14.23,18.7
17-060,Madocsa,69.85,18.53,1101,52.96,37.67,1.01,7.69,0.68,1184,-16.89,19.14
17-061,Magyarkeszi,67.4,22.63,411,52.32,40.81,0.81,5.86,0.2,495,-15.08,18.18
17-062,Medina,69.79,20.05,374,47.93,43.55,0.92,7.14,0.46,434,-21.86,23.5
17-063,Miszla,75.29,18.24,170,68.86,17.37,0.6,12.57,0.6,167,-6.43,-0.87
17-064,Mórágy,57.33,22.37,389,46.25,43.75,0.75,8.0,1.25,400,-11.08,21.38
17-065,Mőcsény,65.56,19.44,180,48.11,44.34,0.0,7.55,0.0,212,-17.45,24.9
17-066,Mucsfa,81.19,11.88,202,59.5,34.0,0.0,6.0,0.5,200,-21.69,22.12
17-067,Mucsi,80.46,10.34,174,65.13,24.62,0.51,9.74,0.0,195,-15.33,14.28
17-068,Murga,64.1,20.51,39,61.76,29.41,0.0,8.82,0.0,34,-2.34,8.9
17-069,Nagydorog,69.09,20.26,1239,51.96,39.28,0.29,7.61,0.87,1380,-17.13,19.02
17-070,Nagykónyi,68.76,19.71,477,51.91,37.52,0.73,9.11,0.73,549,-16.85,17.81
17-071,Nagymányok,56.02,28.94,1230,43.32,49.59,1.72,5.08,0.3,1339,-12.7,20.65
17-072,Nagyszékely,72.08,12.69,197,52.91,37.38,0.49,5.34,3.88,206,-19.17,24.69
17-073,Nagyszokoly,74.04,19.13,366,54.69,38.5,1.17,5.63,0.0,426,-19.35,19.37
17-074,Nagyvejke,73.81,13.1,84,61.54,25.27,0.0,12.09,1.1,91,-12.27,12.17
17-075,Nak,74.8,15.85,246,56.64,37.41,0.0,5.59,0.35,286,-18.16,21.56
17-076,Németkér,62.43,20.07,897,50.91,41.59,0.8,6.02,0.68,880,-11.52,21.52
17-077,Ozora,75.86,16.01,787,60.42,34.77,0.65,4.04,0.13,768,-15.44,18.76
17-078,Őcsény,59.0,30.21,1205,40.41,51.43,1.03,6.47,0.66,1361,-18.59,21.22
17-079,Paks,53.83,33.3,11808,38.97,53.03,1.13,6.21,0.67,10796,-14.86,19.73
17-080,Pálfa,77.52,14.16,685,57.65,37.3,0.82,4.1,0.14,732,-19.87,23.14
17-081,Pincehely,74.85,16.76,1205,56.21,36.93,0.85,5.55,0.46,1297,-18.64,20.17
17-082,Pörböly,58.03,29.18,305,34.88,56.79,0.31,6.48,1.54,324,-23.15,27.61
17-083,Pusztahencse,76.12,17.96,490,55.06,35.99,0.39,8.37,0.19,514,-21.06,18.03
17-084,Regöly,66.53,21.12,502,54.68,34.13,0.73,9.72,0.73,545,-11.85,13.01
17-085,Sárpilis,72.66,17.63,278,52.79,40.0,0.66,5.9,0.66,305,-19.87,22.37
17-086,Sárszentlőrinc,78.36,15.27,550,65.97,27.78,0.35,5.21,0.69,576,-12.39,12.51
17-087,Simontornya,57.31,32.22,1949,40.68,53.45,0.99,4.46,0.42,2129,-16.63,21.23
17-088,Sióagárd,68.07,21.46,783,47.06,41.78,0.6,9.84,0.72,833,-21.01,20.32
17-089,Szakadát,62.62,11.21,107,54.81,36.54,0.0,8.65,0.0,104,-7.81,25.33
17-090,Szakály,63.91,23.85,654,48.77,42.74,0.14,7.95,0.41,730,-15.14,18.89
17-091,Szakcs,73.83,15.06,405,63.29,33.65,1.41,1.65,0.0,425,-10.54,18.59
17-092,Szálka,45.88,31.18,340,31.56,58.89,1.33,6.9,1.33,377,-14.32,27.71
17-093,Szárazd,75.0,9.17,120,66.99,25.24,1.94,4.85,0.97,103,-8.01,16.07
17-094,Szedres,68.68,21.7,1092,51.0,41.35,1.25,5.74,0.67,1202,-17.68,19.65
17-095,Szekszárd,49.56,38.25,19136,36.24,55.42,1.41,6.25,0.68,18195,-13.32,17.17
17-096,Tamási,54.0,32.51,4309,40.0,51.73,1.15,6.51,0.61,4593,-14.0,19.22
17-097,Tengelic,64.48,24.85,1022,48.74,43.0,0.17,7.42,0.67,1186,-15.74,18.15
17-098,Tevel,63.38,22.21,680,42.36,48.33,0.87,7.57,0.87,687,-21.02,26.12
17-099,Tolna,59.66,30.57,6098,43.15,50.1,0.87,5.48,0.4,6565,-16.51,19.53
17-100,Tolnanémedi,69.58,19.28,503,48.77,42.53,0.38,8.13,0.19,529,-20.81,23.25
17-101,Udvari,77.7,18.24,148,64.6,32.92,1.24,1.24,0.0,161,-13.1,14.68
17-102,Újireg,60.81,27.7,148,43.24,52.03,0.0,4.05,0.68,148,-17.57,24.33
17-103,Varsád,70.18,19.3,171,51.4,42.46,0.0,6.15,0.0,179,-18.78,23.16
17-104,Váralja,70.89,16.9,426,58.26,34.63,0.69,6.19,0.23,436,-12.63,17.73
17-105,Várdomb,53.47,34.36,649,37.0,54.14,1.71,6.29,0.86,700,-16.47,19.78
17-106,Várong,68.85,11.48,61,52.24,31.34,1.49,14.93,0.0,67,-16.61,19.86
17-107,Závod,60.0,14.81,135,48.2,41.01,0.0,10.79,0.0,139,-11.8,26.2
17-108,Zomba,63.91,24.53,1211,48.81,44.14,0.4,6.34,0.32,1262,-15.1,19.61
17-109,Pári,69.79,15.74,235,55.41,40.66,0.0,3.28,0.66,305,-14.38,24.92
18-001,Acsád,68.12,23.19,345,55.81,34.85,1.26,7.07,1.01,396,-12.31,11.66
18-002,Alsószölnök,62.44,20.0,205,51.9,41.9,0.48,4.29,1.43,210,-10.54,21.9
18-003,Alsóújlak,77.33,15.53,322,56.86,35.01,1.68,5.88,0.56,357,-20.47,19.48
18-004,Andrásfa,76.03,12.4,121,50.0,41.88,0.62,6.88,0.62,160,-26.03,29.48
18-005,Apátistvánfalva,59.02,13.52,244,49.76,45.02,0.0,4.27,0.95,211,-9.26,31.5
18-006,Bajánsenye,79.55,12.66,308,62.85,25.7,1.86,8.36,1.24,323,-16.7,13.04
18-007,Balogunyom,61.17,29.05,685,45.07,44.94,1.31,7.75,0.92,761,-16.1,15.89
18-008,Bejcgyertyános,79.13,12.6,254,51.25,39.43,0.36,7.53,1.43,279,-27.88,26.83
18-009,Bérbaltavár,74.89,16.74,227,52.48,38.02,1.24,7.85,0.41,242,-22.41,21.28
18-010,Boba,70.36,17.19,506,59.07,29.92,1.16,8.49,1.35,518,-11.29,12.73
18-011,Borgáta,59.09,29.55,88,48.0,42.0,2.0,7.0,1.0,100,-11.09,12.45
18-012,Bozsok,65.53,23.4,235,49.43,43.73,1.14,5.7,0.0,263,-16.1,20.33
18-013,Bozzai,73.33,15.15,165,54.69,35.42,0.0,8.85,1.04,192,-18.64,20.27
18-014,Bögöt,81.09,13.03,238,52.77,38.75,0.0,5.9,2.58,271,-28.32,25.72
18-015,Bögöte,64.68,23.88,201,56.0,36.89,1.78,5.33,0.0,225,-8.68,13.01
18-016,Bő,65.62,24.55,448,47.65,44.97,0.22,6.49,0.67,447,-17.97,20.42
18-017,Bucsu,78.57,13.49,378,59.55,33.17,0.5,5.53,1.26,398,-19.02,19.68
18-018,Bük,61.31,26.86,1817,45.85,46.99,1.0,5.65,0.52,2107,-15.46,20.13
18-019,Cák,60.8,17.05,176,48.95,42.63,0.0,6.84,1.58,190,-11.85,25.58
18-020,Celldömölk,61.62,27.91,5933,45.61,45.99,1.69,6.13,0.58,6347,-16.01,18.08
18-021,Chernelházadamonya,72.07,20.72,111,50.74,44.12,0.0,5.15,0.0,136,-21.33,23.4
18-022,Csákánydoroszló,66.36,26.18,871,50.05,44.67,0.3,4.47,0.51,985,-16.31,18.49
18-023,Csánig,71.95,12.22,221,57.03,32.81,0.0,8.59,1.56,256,-14.92,20.59
18-024,Csehi,83.92,6.99,143,62.5,28.29,0.66,7.24,1.32,152,-21.42,21.3
18-025,Csehimindszent,69.4,21.86,183,56.28,39.34,1.09,3.28,0.0,183,-13.12,17.48
18-026,Csempeszkopács,57.41,27.78,216,38.91,52.72,1.67,4.6,2.09,239,-18.5,24.94
18-027,Csepreg,66.78,23.91,1761,50.28,41.43,1.37,6.2,0.71,1967,-16.5,17.52
18-028,Csénye,66.51,22.02,436,46.54,45.28,0.42,6.71,1.05,477,-19.97,23.26
18-029,Csipkerek,78.16,17.96,206,49.12,47.79,0.0,2.65,0.44,226,-29.04,29.83
18-030,Csönge,86.49,8.11,185,66.0,29.5,0.0,4.5,0.0,200,-20.49,21.39
18-031,Csörötnek,74.14,17.62,437,57.08,35.16,0.68,6.62,0.46,438,-17.06,17.54
18-032,Daraboshegy,60.0,29.09,55,38.89,51.39,0.0,9.72,0.0,72,-21.11,22.3
18-033,Dozmat,57.69,28.02,182,41.35,53.16,0.0,5.49,0.0,237,-16.34,25.14
18-034,Döbörhegy,74.42,20.93,86,63.27,31.63,0.0,5.1,0.0,98,-11.15,10.7
18-035,Döröske,67.12,27.4,73,50.0,43.42,0.0,5.26,1.32,76,-17.12,16.02
18-036,Duka,68.75,22.22,144,53.47,36.11,3.47,6.25,0.69,144,-15.28,13.89
18-037,Egervölgy,72.64,16.92,201,56.0,35.0,0.5,8.0,0.5,200,-16.64,18.08
18-038,Egyházashetye,76.06,12.23,188,64.43,28.87,0.0,6.19,0.52,194,-11.63,16.64
18-039,Egyházashollós,79.46,12.2,336,61.24,29.78,0.28,8.43,0.28,356,-18.22,17.58
18-040,Egyházasrádóc,72.16,19.61,862,51.06,40.47,0.56,7.25,0.67,897,-21.1,20.86
18-041,Felsőcsatár,56.29,21.33,286,43.91,48.4,0.32,6.09,1.28,312,-12.38,27.07
18-042,Felsőjánosfa,72.93,15.79,133,55.88,35.29,0.0,8.09,0.74,136,-17.05,19.5
18-043,Felsőmarác,63.19,28.83,163,53.8,35.33,2.72,8.15,0.0,184,-9.39,6.5
18-044,Felsőszölnök,62.61,13.65,337,57.67,34.67,0.67,6.33,0.67,300,-4.94,21.02
18-045,Gasztony,73.88,17.55,245,59.25,32.53,1.03,7.19,0.0,292,-14.63,14.98
18-046,Gencsapáti,56.41,31.48,1709,38.64,53.38,0.91,6.65,0.43,1866,-17.77,21.9
18-047,Gersekarát,72.71,16.43,414,49.32,41.14,0.45,7.95,1.14,440,-23.39,24.71
18-048,Gérce,67.35,20.75,588,49.53,40.66,1.11,8.23,0.47,632,-17.82,19.91
18-049,Gór,65.5,19.3,171,49.3,39.44,0.47,8.45,2.35,213,-16.2,20.14
18-050,Gyanógeregye,70.19,21.15,104,57.8,34.86,0.92,5.5,0.92,109,-12.39,13.71
18-051,Gyöngyösfalu,58.4,28.06,702,41.92,49.93,1.05,5.91,1.18,761,-16.48,21.87
18-052,Győrvár,71.05,16.89,373,51.01,40.2,0.25,8.29,0.25,398,-20.04,23.31
18-053,Halastó,78.18,5.45,55,61.82,30.91,0.0,5.45,1.82,55,-16.36,25.46
18-054,Halogy,75.32,12.03,158,61.96,29.45,0.0,8.59,0.0,163,-13.36,17.42
18-055,Harasztifalu,61.34,26.05,119,45.08,47.54,1.64,4.92,0.82,122,-16.26,21.49
18-056,Hegyfalu,60.48,29.05,420,46.75,44.82,2.17,5.78,0.48,415,-13.73,15.77
18-057,Hegyháthodász,72.34,17.02,94,55.0,33.0,4.0,8.0,0.0,100,-17.34,15.98
18-058,Hegyhátsál,77.66,9.57,94,64.29,29.76,0.0,3.57,2.38,84,-13.37,20.19
18-059,Hegyhátszentjakab,62.3,26.23,183,48.15,42.33,0.53,7.94,1.06,189,-14.15,16.1
18-060,Hegyhátszentmárton,72.34,19.15,47,62.75,27.45,3.92,5.88,0.0,51,-9.59,8.3
18-061,Hegyhátszentpéter,72.29,24.1,83,58.7,38.04,0.0,2.17,1.09,92,-13.59,13.94
18-062,Horvátlövő,79.58,11.27,142,51.13,33.83,0.0,15.04,0.0,133,-28.45,22.56
18-063,Horvátzsidány,62.04,26.33,490,45.6,47.6,1.0,5.0,0.8,500,-16.44,21.27
18-064,Hosszúpereszteg,70.2,21.52,302,51.57,39.53,0.26,8.38,0.26,382,-18.63,18.01
18-065,Ikervár,59.81,29.28,953,39.94,51.16,1.3,6.95,0.65,1079,-19.87,21.88
18-066,Iklanberény,90.91,3.03,33,70.27,18.92,2.7,8.11,0.0,37,-20.64,15.89
18-067,Ispánk,62.67,20.0,75,49.3,35.21,0.0,11.27,4.23,71,-13.37,15.21
18-068,Ivánc,66.2,19.72,284,55.24,33.92,1.05,7.69,2.1,286,-10.96,14.2
18-069,Ják,58.86,28.57,1400,38.67,52.7,0.47,7.45,0.7,1704,-20.19,24.13
18-070,Jákfa,60.79,29.86,278,42.02,50.92,0.61,6.13,0.31,326,-18.77,21.06
18-071,Jánosháza,59.77,31.05,1198,43.84,48.81,1.3,5.13,0.92,1307,-15.93,17.76
18-072,Karakó,64.86,15.32,111,47.2,42.4,0.8,9.6,0.0,125,-17.66,27.08
18-073,Katafa,73.39,19.72,218,57.08,31.33,0.0,11.59,0.0,233,-16.31,11.61
18-074,Káld,61.15,26.58,538,42.05,48.05,1.3,8.28,0.32,616,-19.1,21.47
18-075,Kám,66.67,22.87,258,50.84,42.47,0.0,6.02,0.67,299,-15.83,19.6
18-076,Keléd,76.47,13.73,51,52.46,47.54,0.0,0.0,0.0,61,-24.01,33.81
18-077,Kemeneskápolna,69.84,17.46,63,52.63,35.09,1.75,8.77,1.75,57,-17.21,17.63
18-078,Kemenesmagasi,75.5,17.27,498,54.88,35.76,1.15,7.27,0.96,523,-20.62,18.49
18-079,Kemenesmihályfa,69.41,19.41,304,50.96,40.71,0.96,6.73,0.64,312,-18.45,21.3
18-080,Kemenespálfa,77.72,12.44,193,55.19,34.02,1.66,8.71,0.41,241,-22.53,21.58
18-081,Kemenessömjén,68.92,22.77,325,50.57,41.14,1.43,5.71,1.14,350,-18.35,18.37
18-082,Kemenesszentmárton,71.05,18.42,114,50.85,43.22,0.85,4.24,0.85,118,-20.2,24.8
18-083,Kemestaródfa,78.03,19.7,132,53.69,37.58,2.01,6.04,0.67,149,-24.34,17.88
18-084,Kenéz,74.66,15.75,146,59.28,32.93,1.2,5.39,1.2,167,-15.38,17.18
18-085,Kenyeri,70.71,18.38,495,57.59,34.55,0.73,7.13,0.0,547,-13.12,16.17
18-086,Kercaszomor,73.13,17.16,134,44.06,38.46,3.5,13.29,0.7,143,-29.07,21.3
18-087,Kerkáskápolna,77.5,15.0,40,71.11,20.0,2.22,6.67,0.0,45,-6.39,5.0
18-088,Kétvölgy,66.67,23.19,69,47.89,42.25,0.0,9.86,0.0,71,-18.78,19.06
18-089,Kisrákos,76.07,15.38,117,58.2,30.33,0.0,9.84,1.64,122,-17.87,14.95
18-090,Kissomlyó,48.89,31.85,135,34.64,51.63,1.31,11.76,0.65,153,-14.25,19.78
18-091,Kisunyom,65.0,25.71,280,45.45,46.71,0.63,6.58,0.63,319,-19.55,21.0
18-092,Kiszsidány,29.03,20.97,62,40.0,56.36,1.82,1.82,0.0,55,10.97,35.39
18-093,Kondorfa,68.37,20.75,294,56.39,33.96,1.25,7.48,0.93,321,-11.98,13.21
18-094,Köcsk,74.51,17.65,153,56.59,33.52,0.0,8.24,1.65,182,-17.92,15.87
18-095,Körmend,61.18,29.06,7700,50.21,42.3,0.86,6.18,0.46,6762,-10.97,13.24
18-096,Kőszeg,59.57,28.95,6414,40.82,51.3,1.01,6.21,0.66,7131,-18.75,22.35
18-097,Kőszegdoroszló,63.86,19.88,166,42.57,42.57,1.49,10.89,2.48,202,-21.29,22.69
18-098,Kőszegpaty,70.37,21.3,108,64.06,26.56,0.78,7.81,0.78,128,-6.31,5.26
18-099,Kőszegszerdahely,56.7,27.73,321,43.39,48.68,0.79,6.61,0.53,378,-13.31,20.95
18-100,Lócs,61.43,20.0,70,52.11,35.21,0.0,11.27,1.41,71,-9.32,15.21
18-101,Lukácsháza,64.15,25.93,675,45.35,45.21,0.66,7.98,0.8,752,-18.8,19.28
18-102,Magyarlak,71.69,20.16,491,54.32,38.39,0.77,5.95,0.58,521,-17.37,18.23
18-103,Magyarnádalja,70.33,18.13,182,55.62,41.57,0.0,2.81,0.0,178,-14.71,23.44
18-104,Magyarszecsőd,75.56,16.3,270,62.32,28.52,0.0,8.8,0.35,284,-13.24,12.22
18-105,Magyarszombatfa,67.68,20.73,164,54.14,34.39,0.0,10.83,0.64,157,-13.54,13.66
18-106,Meggyeskovácsi,69.23,23.38,325,46.85,44.84,0.25,7.05,1.01,397,-22.38,21.46
18-107,Megyehíd,61.08,27.03,185,37.89,52.86,0.88,7.93,0.44,227,-23.19,25.83
18-108,Mersevát,67.49,23.5,366,52.69,38.62,1.53,6.91,0.26,391,-14.8,15.12
18-109,Mesterháza,61.7,23.4,94,46.15,37.5,4.81,10.58,0.96,104,-15.55,14.1
18-110,Mesteri,71.88,10.94,128,58.33,33.33,0.0,8.33,0.0,132,-13.55,22.39
18-111,Meszlen,69.47,17.56,131,48.89,42.22,1.48,3.7,3.7,135,-20.58,24.66
18-112,Mikosszéplak,84.46,11.49,148,65.38,30.13,0.64,3.85,0.0,156,-19.08,18.64
18-113,Molnaszecsőd,76.83,15.06,259,55.22,36.57,0.37,7.46,0.37,268,-21.61,21.51
18-114,Nagygeresd,63.58,30.25,162,52.66,43.2,1.78,1.78,0.59,169,-10.92,12.95
18-115,Nagykölked,70.93,20.93,86,51.49,40.59,0.99,6.93,0.0,101,-19.44,19.66
18-116,Nagymizdó,82.35,8.24,85,59.34,17.58,0.0,23.08,0.0,91,-23.01,9.34
18-117,Nagyrákos,63.12,25.62,160,45.91,44.65,0.63,8.81,0.0,159,-17.21,19.03
18-118,Nagysimonyi,68.89,18.97,601,47.53,39.71,2.23,9.57,0.96,627,-21.36,20.74
18-119,Nagytilaj,71.93,17.54,57,55.74,36.07,0.0,6.56,1.64,61,-16.19,18.53
18-120,Narda,73.55,15.48,310,61.89,31.92,0.0,5.54,0.65,307,-11.66,16.44
18-121,Nádasd,73.24,16.89,811,56.28,34.82,0.44,8.01,0.44,899,-16.96,17.93
18-122,Nárai,58.66,28.59,878,41.52,52.65,0.31,5.2,0.31,961,-17.14,24.06
18-123,Nemesbőd,67.11,21.32,380,34.55,59.32,0.23,5.45,0.45,440,-32.56,38.0
18-124,Nemescsó,67.32,20.49,205,50.0,43.36,0.0,6.19,0.44,226,-17.32,22.87
18-125,Nemeskeresztúr,80.12,17.47,166,57.36,35.53,0.51,5.08,1.52,197,-22.76,18.06
18-126,Nemeskocs,58.1,28.57,210,50.7,41.86,0.47,6.05,0.93,215,-7.4,13.29
18-127,Nemeskolta,54.69,34.38,192,44.73,47.68,1.69,4.64,1.27,237,-9.96,13.3
18-128,Nemesládony,67.05,26.14,88,52.48,34.65,0.0,11.88,0.99,101,-14.57,8.51
18-129,Nemesmedves,94.12,5.88,17,61.11,33.33,0.0,5.56,0.0,18,-33.01,27.45
18-130,Nemesrempehollós,72.9,23.23,155,56.6,35.22,2.52,5.66,0.0,159,-16.3,11.99
18-131,Nick,78.17,13.86,339,62.05,29.36,0.0,8.03,0.55,361,-16.12,15.5
18-132,Nyőgér,68.39,20.73,193,49.16,44.96,0.0,5.88,0.0,238,-19.23,24.23
18-133,Olaszfa,83.65,7.69,208,68.81,23.85,0.46,5.05,1.83,218,-14.84,16.16
18-134,Orfalu,51.16,11.63,43,27.66,51.06,0.0,21.28,0.0,47,-23.5,39.43
18-135,Ostffyasszonyfa,59.46,26.13,444,47.2,45.13,0.83,6.83,0.0,483,-12.26,19.0
18-136,Oszkó,71.07,21.76,363,48.78,44.99,0.27,5.96,0.0,369,-22.29,23.23
18-137,Ólmod,74.14,18.97,58,56.67,35.0,0.0,6.67,1.67,60,-17.47,16.03
18-138,Ölbő,61.29,26.55,403,51.04,42.46,0.7,4.87,0.93,431,-10.25,15.91
18-139,Őrimagyarósd,67.88,23.36,137,56.69,37.01,0.0,6.3,0.0,127,-11.19,13.65
18-140,Őriszentpéter,56.58,30.1,691,41.62,49.01,0.85,7.39,1.14,704,-14.96,18.91
18-141,Pankasz,77.37,11.93,243,57.99,32.34,0.74,8.55,0.37,269,-19.38,20.41
18-142,Pácsony,62.29,27.43,175,43.02,48.6,1.12,7.26,0.0,179,-19.27,21.17
18-143,Pápoc,81.03,10.34,174,70.33,21.98,0.0,7.14,0.55,182,-10.7,11.64
18-144,Pecöl,69.64,18.05,471,49.3,42.35,1.59,6.56,0.2,503,-20.34,24.3
18-145,Perenye,71.7,20.86,417,52.0,39.78,0.89,5.78,1.56,450,-19.7,18.92
18-146,Peresznye,71.43,17.07,287,56.9,33.33,0.0,8.75,1.01,297,-14.53,16.26
18-147,Petőmihályfa,74.44,18.05,133,57.25,34.06,1.45,7.25,0.0,138,-17.19,16.01
18-148,Pinkamindszent,74.49,16.33,98,56.76,35.14,0.9,5.41,1.8,111,-17.73,18.81
18-149,Pornóapáti,61.67,23.35,227,47.7,46.86,0.84,4.18,0.42,239,-13.97,23.51
18-150,Porpác,76.19,16.67,84,49.0,43.0,2.0,6.0,0.0,100,-27.19,26.33
18-151,Pósfa,66.87,23.31,163,53.89,39.9,2.07,3.63,0.52,193,-12.98,16.59
18-152,Pusztacsó,77.32,15.46,97,65.45,29.09,0.0,3.64,1.82,110,-11.87,13.63
18-153,Püspökmolnári,69.96,20.16,516,51.72,38.48,0.73,7.44,1.63,551,-18.24,18.32
18-154,Rábagyarmat,78.66,16.74,478,62.23,34.19,0.2,3.38,0.0,503,-16.43,17.45
18-155,Rábahídvég,69.63,23.08,507,51.98,39.59,1.03,6.37,1.03,581,-17.65,16.51
18-156,Rábapaty,62.28,25.33,912,41.02,49.82,0.81,8.08,0.27,1114,-21.26,24.49
18-157,Rábatöttös,74.0,17.33,150,58.62,35.86,0.0,5.52,0.0,145,-15.38,18.53
18-158,Rádóckölked,69.54,22.41,174,46.53,41.09,1.98,9.41,0.99,202,-23.01,18.68
18-159,Rátót,73.77,21.31,122,54.3,39.07,0.0,5.96,0.66,151,-19.47,17.76
18-160,Répcelak,66.13,25.89,1553,52.88,39.72,0.93,5.59,0.87,1717,-13.25,13.83
18-161,Répceszentgyörgy,67.11,19.74,76,54.02,41.38,0.0,3.45,1.15,87,-13.09,21.64
18-162,Rönök,70.43,14.35,230,63.01,30.08,0.0,6.91,0.0,246,-7.42,15.73
18-163,Rum,65.89,23.46,601,40.97,49.73,0.4,7.14,1.75,742,-24.92,26.27
18-164,Sajtoskál,77.14,17.71,175,52.38,40.21,0.0,7.41,0.0,189,-24.76,22.5
18-165,Salköveskút,70.76,18.41,277,48.03,42.11,0.99,7.89,0.99,304,-22.73,23.7
18-166,Sárfimizdó,83.33,12.12,66,76.36,12.73,3.64,7.27,0.0,55,-6.97,0.61
18-167,Sárvár,52.05,36.62,9585,38.48,54.27,1.17,5.49,0.59,8868,-13.57,17.65
18-168,Sé,54.82,32.47,850,40.76,52.07,1.2,5.22,0.76,920,-14.06,19.6
18-169,Simaság,75.81,18.06,310,53.87,39.88,0.6,5.36,0.3,336,-21.94,21.82
18-170,Sitke,65.68,20.14,437,47.29,42.92,0.21,8.96,0.62,480,-18.39,22.78
18-171,Sorkifalud,64.13,25.0,368,41.22,51.15,0.51,6.87,0.25,393,-22.91,26.15
18-172,Sorkikápolna,74.45,18.25,137,49.08,41.1,0.61,8.59,0.61,163,-25.37,22.85
18-173,Sorokpolány,68.15,21.87,471,46.35,44.97,1.18,6.31,1.18,507,-21.8,23.1
18-174,Sótony,69.49,18.64,354,46.9,45.91,1.49,5.46,0.25,403,-22.59,27.27
18-175,Söpte,54.21,33.14,522,38.32,51.87,1.25,7.66,0.89,561,-15.89,18.73
18-176,Szaknyér,64.86,24.32,37,31.71,58.54,0.0,9.76,0.0,41,-33.15,34.22
18-177,Szakonyfalu,76.62,18.61,231,54.17,40.0,0.83,3.75,1.25,240,-22.45,21.39
18-178,Szalafő,52.08,26.39,144,39.88,47.62,0.6,8.93,2.98,168,-12.2,21.23
18-179,Szarvaskend,87.58,6.21,161,64.15,28.93,0.0,6.92,0.0,159,-23.43,22.72
18-180,Szatta,53.33,24.44,45,38.3,46.81,2.13,10.64,2.13,47,-15.03,22.37
18-181,Szeleste,74.21,19.21,380,48.64,43.44,0.68,6.56,0.68,442,-25.57,24.23
18-182,Szemenye,73.56,13.79,174,58.16,34.69,0.51,6.63,0.0,196,-15.4,20.9
18-183,Szentgotthárd,59.52,29.97,4704,47.13,45.91,0.71,5.41,0.84,4897,-12.39,15.94
18-184,Szentpéterfa,70.38,16.03,655,60.25,33.85,0.0,5.59,0.31,644,-10.13,17.82
18-185,Szergény,75.17,16.78,149,57.74,30.95,0.6,10.12,0.6,168,-17.43,14.17
18-186,Szombathely,51.3,38.55,46479,36.99,55.69,1.6,4.98,0.74,47909,-14.31,17.14
18-187,Szőce,79.69,11.46,192,60.42,28.65,1.04,9.9,0.0,192,-19.27,17.19
18-188,Tanakajd,59.79,28.72,470,43.12,47.96,0.74,6.51,1.67,538,-16.67,19.24
18-189,Táplánszentkereszt,57.94,31.55,1436,42.92,50.06,0.92,5.01,1.09,1738,-15.02,18.51
18-190,Telekes,79.86,11.15,278,61.51,33.96,0.38,4.15,0.0,265,-18.35,22.81
18-191,Tokorcs,57.92,25.79,221,49.79,44.3,0.0,5.91,0.0,237,-8.13,18.51
18-192,Tompaládony,77.66,17.77,197,62.25,30.88,0.49,6.37,0.0,204,-15.41,13.11
18-193,Tormásliget,74.87,14.14,191,52.04,39.29,1.02,7.14,0.51,196,-22.83,25.15
18-194,Torony,65.6,24.98,1093,46.21,46.6,0.95,5.77,0.47,1266,-19.39,21.62
18-195,Tömörd,73.26,16.58,187,47.89,44.13,0.47,7.04,0.47,213,-25.37,27.55
18-196,Uraiújfalu,61.74,28.64,447,43.02,48.76,1.15,6.5,0.57,523,-18.72,20.12
18-197,Vasalja,71.43,20.48,210,54.11,40.58,0.48,4.83,0.0,207,-17.32,20.1
18-198,Vasasszonyfa,74.0,17.2,250,51.0,40.33,0.67,7.33,0.67,300,-23.0,23.13
18-199,Vasegerszeg,71.49,20.81,221,61.34,33.61,1.26,3.78,0.0,238,-10.15,12.8
18-200,Vashosszúfalu,59.57,30.21,235,47.33,43.62,0.0,9.05,0.0,243,-12.24,13.41
18-201,Vaskeresztes,54.82,16.23,228,56.99,34.95,0.54,6.45,1.08,186,2.17,18.72
18-202,Vassurány,67.06,22.55,510,51.4,40.8,0.6,6.6,0.6,500,-15.66,18.25
18-203,Vasszentmihály,65.55,22.97,209,46.52,43.04,0.43,9.57,0.43,230,-19.03,20.07
18-204,Vasszécseny,55.23,32.97,822,40.98,52.67,1.78,4.34,0.22,898,-14.25,19.7
18-205,Vasszilvágy,65.43,24.69,243,46.86,43.17,0.74,8.49,0.74,271,-18.57,18.48
18-206,Vasvár,66.69,23.85,2369,49.24,44.13,0.98,4.96,0.7,2563,-17.45,20.28
18-207,Vámoscsalád,73.89,16.26,203,60.7,32.84,0.5,5.97,0.0,201,-13.19,16.58
18-208,Vásárosmiske,73.43,13.53,207,59.66,30.9,0.0,9.44,0.0,233,-13.77,17.37
18-209,Vát,67.52,24.81,391,46.01,48.29,0.23,4.78,0.68,439,-21.51,23.48
18-210,Velem,54.55,26.03,242,41.16,45.49,1.08,12.27,0.0,277,-13.39,19.46
18-211,Velemér,72.73,18.18,44,46.81,40.43,0.0,12.77,0.0,47,-25.92,22.25
18-212,Vép,64.44,27.37,1856,46.35,46.21,0.88,5.79,0.78,2056,-18.09,18.84
18-213,Viszák,68.31,19.67,183,52.94,38.5,0.0,8.56,0.0,187,-15.37,18.83
18-214,Vönöck,66.91,21.17,411,53.08,36.94,0.85,8.49,0.64,471,-13.83,15.77
18-215,Zsennye,80.0,13.85,65,63.08,29.23,0.0,6.15,1.54,65,-16.92,15.38
18-216,Zsédeny,59.13,29.57,115,36.5,52.55,1.46,9.49,0.0,137,-22.63,22.98
19-001,Adásztevel,62.45,19.87,458,51.68,39.37,0.67,8.28,0.0,447,-10.77,19.5
19-002,Adorjánháza,78.35,13.4,194,53.99,40.38,0.94,4.69,0.0,213,-24.36,26.98
19-003,Ajka,47.14,40.87,15201,34.62,57.55,1.78,5.27,0.78,16689,-12.52,16.68
19-004,Alsóörs,53.6,36.07,1181,36.39,55.12,0.99,6.97,0.53,1319,-17.21,19.05
19-005,Apácatorna,72.41,17.24,87,61.76,29.41,0.98,6.86,0.98,102,-10.65,12.17
19-006,Aszófő,55.08,31.48,305,38.46,51.38,1.23,7.38,1.54,325,-16.62,19.9
19-007,Ábrahámhegy,56.71,31.23,365,46.19,44.23,1.23,7.62,0.74,407,-10.52,13.0
19-008,Badacsonytomaj,51.37,37.84,1242,38.11,53.25,1.55,5.76,1.33,1354,-13.26,15.41
19-009,Badacsonytördemic,56.83,33.53,498,35.83,55.35,1.31,6.57,0.94,533,-21.0,21.82
19-010,Bakonybél,62.96,25.77,683,43.19,49.05,0.54,6.81,0.41,734,-19.77,23.28
19-011,Bakonyjákó,53.85,28.04,403,40.19,49.07,1.4,8.88,0.47,428,-13.66,21.03
19-012,Bakonykoppány,55.28,16.26,123,44.74,46.49,0.0,7.89,0.88,114,-10.54,30.23
19-013,Bakonynána,48.66,24.71,522,36.35,56.43,0.6,6.22,0.4,498,-12.31,31.72
19-014,Bakonyoszlop,62.6,20.87,254,40.73,46.37,2.02,9.27,1.61,248,-21.87,25.5
19-015,Bakonypölöske,57.35,24.51,204,43.23,48.03,1.75,6.55,0.44,229,-14.12,23.52
19-016,Bakonyság,91.89,8.11,37,61.11,33.33,0.0,5.56,0.0,36,-30.78,25.22
19-017,Bakonyszentiván,65.45,18.18,110,55.75,32.74,0.88,8.85,1.77,113,-9.7,14.56
19-018,Bakonyszentkirály,64.79,20.09,443,46.02,45.05,0.39,7.18,1.36,515,-18.77,24.96
19-019,Bakonyszücs,63.48,6.74,178,54.62,36.92,0.0,7.69,0.77,130,-8.86,30.18
19-020,Bakonytamási,66.27,22.99,335,51.63,39.67,0.27,7.07,1.36,368,-14.64,16.68
19-021,Balatonakali,59.45,30.75,439,36.97,54.27,2.35,5.34,1.07,468,-22.48,23.52
19-022,Balatonalmádi,49.66,37.77,5832,33.92,57.05,1.25,6.71,1.08,6398,-15.74,19.28
19-023,Balatoncsicsó,48.06,22.48,129,29.93,59.12,2.19,7.3,1.46,137,-18.13,36.64
19-024,Balatonederics,62.13,24.25,602,49.47,41.98,0.76,7.48,0.31,655,-12.66,17.73
19-025,Balatonfőkajár,62.66,25.88,707,42.16,45.22,0.49,11.15,0.98,816,-20.5,19.34
19-026,Balatonfüred,45.31,42.08,10290,35.92,55.98,0.84,6.41,0.85,7274,-9.39,13.9
19-027,Balatonfűzfő,48.51,38.39,2618,35.29,56.35,1.35,6.15,0.86,2896,-13.22,17.96
19-028,Balatonhenye,61.73,29.63,81,33.0,55.0,1.0,10.0,1.0,100,-28.73,25.37
19-029,Balatonkenese,53.57,32.58,1553,40.47,52.65,0.53,5.65,0.71,1700,-13.1,20.07
19-030,Balatonrendes,48.98,43.88,98,43.33,50.0,0.0,6.67,0.0,120,-5.65,6.12
19-031,Balatonszepezd,54.65,34.88,258,45.81,46.13,1.29,5.81,0.97,310,-8.84,11.25
19-032,Balatonszőlős,39.43,38.92,388,28.08,59.36,1.48,10.59,0.49,406,-11.35,20.44
19-033,Balatonudvari,55.16,33.63,223,43.97,50.58,1.17,3.89,0.39,257,-11.19,16.95
19-035,Barnag,64.1,20.51,78,51.85,35.8,2.47,9.88,0.0,81,-12.25,15.29
19-036,Bazsi,58.26,26.61,218,44.66,46.56,0.76,7.25,0.76,262,-13.6,19.95
19-037,Bánd,44.52,29.52,420,33.56,57.88,0.0,8.11,0.45,444,-10.96,28.36
19-038,Berhida,58.81,27.05,2595,42.65,48.92,1.42,6.56,0.45,3095,-16.16,21.87
19-039,Béb,61.97,15.49,142,55.62,39.05,0.59,4.73,0.0,169,-6.35,23.56
19-040,Békás,79.31,15.52,116,62.79,31.01,0.0,6.2,0.0,129,-16.52,15.49
19-041,Bodorfa,70.59,19.61,51,50.79,38.1,0.0,11.11,0.0,63,-19.8,18.49
19-042,Borszörcsök,79.29,10.1,198,57.14,32.38,1.43,8.57,0.48,210,-22.15,22.28
19-043,Borzavár,57.89,26.77,437,40.9,50.31,0.2,7.36,1.23,489,-16.99,23.54
19-044,Csabrendek,58.48,26.99,1445,41.97,48.24,1.28,7.91,0.61,1644,-16.51,21.25
19-045,Csajág,60.14,25.74,439,43.33,46.67,1.18,6.67,2.16,510,-16.81,20.93
19-046,Csehbánya,54.8,22.6,177,34.2,51.81,0.52,12.44,1.04,193,-20.6,29.21
19-047,Csesznek,64.8,23.68,304,40.78,47.25,2.27,8.41,1.29,309,-24.02,23.57
19-048,Csetény,61.7,22.66,1068,46.07,44.72,0.76,7.27,1.18,1183,-15.63,22.06
19-049,Csopak,49.35,39.71,1224,34.0,57.53,0.65,6.53,1.29,1394,-15.35,17.82
19-050,Csót,72.76,19.65,514,51.56,40.92,0.55,6.97,0.0,545,-21.2,21.27
19-051,Csögle,71.34,18.6,328,54.04,37.6,0.56,7.52,0.28,359,-17.3,19.0
19-052,Dabronc,69.68,19.0,221,56.34,28.64,0.0,14.55,0.47,213,-13.34,9.64
19-053,Dabrony,69.74,18.46,195,47.47,44.24,0.46,6.91,0.92,217,-22.27,25.78
19-054,Dáka,64.31,25.1,255,42.25,49.3,2.82,4.93,0.7,284,-22.06,24.2
19-055,Devecser,60.28,29.46,1969,43.24,50.78,0.69,4.81,0.48,2306,-17.04,21.32
19-056,Doba,77.6,14.8,250,54.32,38.49,0.0,7.19,0.0,278,-23.28,23.69
19-057,Döbrönte,49.43,27.01,174,40.46,52.6,0.0,6.94,0.0,173,-8.97,25.59
19-058,Dörgicse,50.6,27.11,166,35.11,54.79,1.6,6.38,2.13,188,-15.49,27.68
19-059,Dudar,59.15,28.48,913,42.8,48.09,0.98,7.05,1.08,1021,-16.35,19.61
19-060,Egeralja,80.95,12.24,147,67.52,24.2,0.0,8.28,0.0,157,-13.43,11.96
19-061,Egyházaskesző,75.39,16.02,256,43.87,50.19,0.74,4.46,0.74,269,-31.52,34.17
19-062,Eplény,59.26,28.21,351,38.42,52.16,1.27,6.36,1.78,393,-20.84,23.95
19-063,Farkasgyepű,50.88,29.2,226,29.61,66.95,0.0,3.43,0.0,233,-21.27,37.75
19-064,Felsőörs,51.21,31.52,1158,33.04,57.32,0.29,7.8,1.55,1359,-18.17,25.8
19-065,Ganna,47.8,22.01,159,46.71,43.11,0.0,8.38,1.8,167,-1.09,21.1
19-066,Gecse,74.63,16.42,201,54.77,37.76,0.41,7.05,0.0,241,-19.86,21.34
19-067,Gic,76.67,15.71,210,50.93,37.96,0.0,10.19,0.93,216,-25.74,22.25
19-068,Gógánfa,68.53,20.27,375,49.75,40.5,0.5,8.0,1.25,400,-18.78,20.23
19-069,Gyepükaján,77.65,12.94,170,56.85,38.07,0.0,5.08,0.0,197,-20.8,25.13
19-070,Gyulakeszi,59.11,33.33,384,42.36,50.46,0.93,5.56,0.69,432,-16.75,17.13
19-071,Hajmáskér,56.01,30.8,1448,38.43,52.91,0.98,6.98,0.69,1733,-17.58,22.11
19-072,Halimba,56.85,27.57,584,37.19,53.76,1.25,6.82,0.97,718,-19.66,26.19
19-073,Hárskút,58.44,22.49,409,42.29,48.6,1.17,5.84,2.1,428,-16.15,26.11
19-074,Hegyesd,61.02,27.97,118,43.24,39.64,2.7,14.41,0.0,111,-17.78,11.67
19-075,Hegymagas,46.84,40.51,158,34.05,58.38,1.62,5.41,0.54,185,-12.79,17.87
19-076,Herend,50.42,32.96,2045,35.06,55.21,0.6,8.5,0.64,2342,-15.36,22.25
19-077,Hetyefő,54.76,21.43,42,40.82,53.06,0.0,4.08,2.04,49,-13.94,31.63
19-078,Hidegkút,37.19,32.63,285,31.18,61.29,0.72,6.09,0.72,279,-6.01,28.66
19-079,Homokbödöge,63.21,26.17,386,51.76,40.95,1.51,5.78,0.0,398,-11.45,14.78
19-080,Hosztót,86.11,5.56,36,67.44,25.58,0.0,6.98,0.0,43,-18.67,20.02
19-081,Iszkáz,88.73,5.88,204,66.51,25.0,0.47,7.55,0.47,212,-22.22,19.12
19-082,Jásd,60.59,22.55,439,47.52,41.25,0.43,10.15,0.65,463,-13.07,18.7
19-083,Kamond,76.34,16.13,186,65.31,31.63,0.51,2.04,0.51,196,-11.03,15.5
19-084,Kapolcs,55.71,29.52,210,39.85,55.72,0.0,4.06,0.37,271,-15.86,26.2
19-085,Karakószörcsök,75.71,16.43,140,59.75,31.45,0.0,8.81,0.0,159,-15.96,15.02
19-086,Káptalanfa,58.02,31.3,393,44.99,47.44,1.56,5.57,0.45,449,-13.03,16.14
19-087,Káptalantóti,56.81,29.24,301,42.07,49.39,0.61,6.1,1.83,328,-14.74,20.15
19-088,Kemeneshőgyész,71.65,19.92,261,54.38,41.97,0.36,3.28,0.0,274,-17.27,22.05
19-089,Kemenesszentpéter,73.74,17.32,358,57.22,32.99,1.55,7.47,0.77,388,-16.52,15.67
19-090,Kerta,74.82,17.38,282,63.0,30.0,0.67,5.67,0.67,300,-11.82,12.62
19-091,Kékkút,60.98,26.83,41,39.02,53.66,0.0,7.32,0.0,41,-21.96,26.83
19-092,Királyszentistván,41.99,41.28,281,34.92,56.61,2.37,5.76,0.34,295,-7.07,15.33
19-093,Kisapáti,67.16,24.02,204,48.62,38.99,1.83,10.09,0.46,218,-18.54,14.97
19-094,Kisberzseny,71.05,13.16,38,37.25,45.1,3.92,13.73,0.0,51,-33.8,31.94
19-095,Kiscsősz,78.46,18.46,65,55.07,33.33,2.9,8.7,0.0,69,-23.39,14.87
19-096,Kislőd,53.31,24.96,649,44.87,47.78,0.46,6.28,0.61,653,-8.44,22.82
19-097,Kispirit,78.57,16.67,42,65.12,27.91,0.0,6.98,0.0,43,-13.45,11.24
19-098,Kisszőlős,84.0,6.0,50,77.97,16.95,0.0,5.08,0.0,59,-6.03,10.95
19-099,Kolontár,57.75,30.75,374,42.72,49.38,1.48,5.43,0.99,405,-15.03,18.63
19-100,Köveskál,62.5,27.31,216,52.07,37.79,4.61,4.61,0.92,217,-10.43,10.48
19-101,Kővágóörs,55.5,33.51,373,40.89,51.23,0.49,7.39,0.0,406,-14.61,17.72
19-102,Kup,52.0,26.67,225,44.12,47.9,2.94,4.62,0.42,238,-7.88,21.23
19-103,Külsővat,64.69,25.07,371,50.73,42.44,1.46,5.12,0.24,410,-13.96,17.37
19-104,Küngös,58.89,30.0,270,43.07,43.37,3.31,9.04,1.2,332,-15.82,13.37
19-105,Lesencefalu,58.39,24.22,161,37.77,53.72,0.0,4.26,4.26,188,-20.62,29.5
19-106,Lesenceistvánd,62.52,25.05,515,43.63,44.85,1.05,9.77,0.7,573,-18.89,19.8
19-107,Lesencetomaj,63.64,27.72,451,46.86,44.57,1.33,6.67,0.57,525,-16.78,16.85
19-108,Litér,50.51,35.95,1263,33.03,59.92,1.05,5.17,0.84,1432,-17.48,23.97
19-109,Lovas,56.19,32.06,315,40.21,50.26,0.26,8.73,0.53,378,-15.98,18.2
19-110,Lovászpatona,79.44,14.43,603,59.73,32.58,1.36,5.43,0.9,663,-19.71,18.15
19-111,Lókút,54.55,18.97,253,31.97,59.48,0.0,7.81,0.74,269,-22.58,40.51
19-112,Magyargencs,62.6,23.62,254,49.82,42.91,2.55,4.73,0.0,275,-12.78,19.29
19-113,Magyarpolány,44.06,31.78,749,35.66,57.91,1.34,4.16,0.94,746,-8.4,26.13
19-114,Malomsok,75.52,14.93,335,63.5,31.29,0.0,4.29,0.92,326,-12.02,16.36
19-115,Marcalgergelyi,78.67,13.27,211,51.56,41.33,0.0,7.11,0.0,225,-27.11,28.06
19-116,Marcaltő,63.59,24.65,434,44.98,47.19,1.2,6.22,0.4,498,-18.61,22.54
19-117,Márkó,48.73,32.78,1022,31.83,59.77,0.88,6.54,0.97,1131,-16.9,26.99
19-118,Megyer,81.25,6.25,16,66.67,33.33,0.0,0.0,0.0,18,-14.58,27.08
19-119,Mencshely,60.0,32.35,170,35.26,57.8,0.0,6.36,0.58,173,-24.74,25.45
19-120,Mezőlak,68.6,20.0,500,44.25,46.69,0.87,7.32,0.87,574,-24.35,26.69
19-121,Mihályháza,66.58,22.45,392,47.67,44.88,1.86,4.88,0.7,430,-18.91,22.43
19-122,Mindszentkálla,58.27,28.06,139,44.58,46.39,0.6,7.83,0.6,166,-13.69,18.33
19-123,Monostorapáti,65.67,25.35,635,48.54,42.42,0.44,8.16,0.44,686,-17.13,17.07
19-124,Monoszló,53.73,32.84,67,36.84,55.26,2.63,3.95,1.32,76,-16.89,22.42
19-125,Nagyacsád,53.22,32.21,357,33.25,55.42,2.46,7.88,0.99,406,-19.97,23.21
19-126,Nagyalásony,76.01,16.61,271,57.55,33.45,0.0,8.27,0.72,278,-18.46,16.84
19-127,Nagydém,77.97,14.12,177,64.8,25.14,1.12,8.38,0.56,179,-13.17,11.02
19-128,Nagyesztergár,58.63,20.52,614,42.21,50.95,0.15,5.68,1.02,687,-16.42,30.43
19-129,Nagygyimót,74.71,15.59,340,55.92,34.32,0.89,8.28,0.59,338,-18.79,18.73
19-130,Nagypirit,70.67,16.67,150,50.0,40.79,0.0,7.89,1.32,152,-20.67,24.12
19-131,Nagytevel,59.08,19.69,325,43.95,50.32,0.32,5.41,0.0,314,-15.13,30.63
19-132,Nagyvázsony,55.94,31.15,976,37.25,55.15,0.63,5.61,1.36,1106,-18.69,24.0
19-133,Nemesgörzsöny,69.47,20.26,380,46.02,45.78,2.17,5.06,0.96,415,-23.45,25.52
19-134,Nemesgulács,59.13,32.16,597,46.29,43.39,1.29,8.06,0.97,620,-12.84,11.23
19-135,Nemeshany,68.56,23.71,194,53.18,43.64,0.0,3.18,0.0,220,-15.38,19.93
19-136,Nemesszalók,70.83,17.11,456,50.83,40.37,0.37,7.52,0.92,545,-20.0,23.26
19-137,Nemesvámos,53.92,30.31,1762,36.33,54.72,0.6,7.5,0.85,2001,-17.59,24.41
19-138,Nemesvita,56.16,32.02,203,42.79,50.9,1.8,3.6,0.9,222,-13.37,18.88
19-139,Németbánya,50.0,28.12,64,42.31,44.87,1.28,11.54,0.0,78,-7.69,16.75
19-140,Noszlop,57.48,26.71,468,40.93,49.57,0.52,7.77,1.21,579,-16.55,22.86
19-141,Nóráp,78.57,12.86,140,55.64,39.85,0.0,4.51,0.0,133,-22.93,26.99
19-142,Nyárád,73.47,19.27,524,55.16,38.61,0.89,4.98,0.36,562,-18.31,19.34
19-143,Nyirád,54.05,34.33,938,35.37,55.94,0.55,7.59,0.55,1094,-18.68,21.61
19-144,Olaszfalu,66.5,19.83,600,48.53,42.35,1.18,7.35,0.59,680,-17.97,22.52
19-145,Oroszi,73.53,20.59,68,38.67,52.0,0.0,9.33,0.0,75,-34.86,31.41
19-146,Óbudavár,34.15,39.02,41,30.56,52.78,0.0,8.33,8.33,36,-3.59,13.76
19-147,Öcs,70.41,19.39,98,47.06,42.02,0.0,10.08,0.84,119,-23.35,22.63
19-148,Örvényes,59.43,26.42,106,43.9,41.46,0.0,12.2,2.44,123,-15.53,15.04
19-149,Öskü,51.31,33.63,1255,37.07,53.4,0.7,7.99,0.84,1427,-14.24,19.77
19-150,Ősi,59.18,26.99,1078,40.53,50.56,1.04,7.38,0.48,1246,-18.65,23.57
19-151,Paloznak,49.72,32.12,358,38.04,54.78,0.96,6.22,0.0,418,-11.68,22.66
19-152,Papkeszi,54.49,30.51,780,37.5,51.66,1.44,8.52,0.88,904,-16.99,21.15
19-153,Pápa,55.43,34.33,17632,40.94,51.05,1.98,5.52,0.51,16759,-14.49,16.72
19-154,Pápadereske,69.27,21.23,179,44.68,48.94,0.53,5.32,0.53,188,-24.59,27.71
19-155,Pápakovácsi,74.84,17.3,318,53.47,39.27,1.21,4.23,1.81,331,-21.37,21.97
19-156,Pápasalamon,81.94,13.55,155,73.51,20.53,1.32,2.65,1.99,151,-8.43,6.98
19-157,Pápateszér,75.77,18.21,582,50.52,42.13,1.2,5.55,0.6,667,-25.25,23.92
19-158,Pécsely,51.61,26.69,341,36.09,49.62,1.5,12.03,0.75,399,-15.52,22.93
19-159,Pénzesgyőr,66.67,23.29,219,53.39,39.82,0.9,5.43,0.45,221,-13.28,16.53
19-160,Pétfürdő,47.83,38.64,2438,32.34,58.7,1.75,5.9,1.31,2746,-15.49,20.06
19-161,Porva,57.14,16.99,259,46.74,49.64,0.0,3.62,0.0,276,-10.4,32.65
19-162,Pula,66.33,17.35,98,45.13,34.51,0.88,15.93,3.54,113,-21.2,17.16
19-163,Pusztamiske,63.74,21.64,171,53.93,39.79,1.05,5.24,0.0,191,-9.81,18.15
19-164,Raposka,65.0,17.5,160,46.89,42.94,1.69,7.91,0.56,177,-18.11,25.44
19-165,Révfülöp,53.72,36.82,698,44.73,48.33,1.07,5.34,0.53,749,-8.99,11.51
19-166,Rigács,74.16,10.11,89,47.96,44.9,1.02,2.04,4.08,98,-26.2,34.79
19-167,Salföld,45.45,38.64,44,48.33,43.33,1.67,5.0,1.67,60,2.88,4.69
19-168,Sáska,65.54,26.55,177,51.3,40.93,0.0,7.25,0.52,193,-14.24,14.38
19-169,Somlójenő,69.92,18.05,133,49.68,43.31,1.27,5.1,0.64,157,-20.24,25.26
19-170,Somlószőlős,62.15,24.86,362,50.0,41.5,2.25,6.25,0.0,400,-12.15,16.64
19-171,Somlóvásárhely,71.2,20.2,500,55.87,38.79,0.53,4.27,0.53,562,-15.33,18.59
19-172,Somlóvecse,75.0,14.58,48,50.0,41.67,1.67,6.67,0.0,60,-25.0,27.09
19-173,Sóly,58.26,28.97,321,35.49,57.25,0.26,5.96,1.04,386,-22.77,28.28
19-174,Sümeg,60.12,29.5,3275,45.85,45.62,1.14,6.76,0.62,3520,-14.27,16.12
19-175,Sümegprága,66.96,19.64,336,49.36,36.64,1.53,11.7,0.76,393,-17.6,17.0
19-176,Szápár,53.0,22.26,283,45.69,41.53,0.64,12.14,0.0,313,-7.31,19.27
19-177,Szentantalfa,60.0,30.0,220,44.35,44.35,0.84,10.04,0.42,239,-15.65,14.35
19-178,Szentbékkálla,53.59,30.07,153,42.47,47.95,0.0,7.53,2.05,146,-11.12,17.88
19-179,Szentgál,61.35,24.75,1410,41.72,49.38,0.93,7.47,0.5,1606,-19.63,24.63
19-180,Szentimrefalva,66.67,20.43,93,50.0,40.57,0.0,9.43,0.0,106,-16.67,20.14
19-181,Szentjakabfa,53.03,16.67,66,55.56,28.57,3.17,6.35,6.35,63,2.53,11.9
19-182,Szentkirályszabadja,50.51,34.68,1188,34.33,55.91,1.21,7.19,1.35,1404,-16.18,21.23
19-183,Szigliget,52.22,36.3,540,42.1,50.86,0.86,4.98,1.2,582,-10.12,14.56
19-184,Szőc,74.32,14.21,183,60.56,27.49,1.59,7.57,2.79,251,-13.76,13.28
19-185,Tagyon,51.61,19.35,62,43.06,47.22,1.39,5.56,2.78,72,-8.55,27.87
19-186,Takácsi,68.37,22.93,471,47.62,45.6,1.1,5.13,0.55,546,-20.75,22.67
19-187,Taliándörögd,55.56,27.22,360,44.8,44.06,0.5,9.9,0.74,404,-10.76,16.84
19-188,Tapolca,48.18,41.3,10371,38.57,53.18,1.59,6.08,0.59,8543,-9.61,11.88
19-189,Tés,63.41,25.61,492,46.22,44.82,0.88,6.33,1.76,569,-17.19,19.21
19-190,Tihany,54.31,33.85,777,36.65,54.57,0.23,7.38,1.17,854,-17.66,20.72
19-191,Tótvázsony,55.74,24.9,775,39.77,50.57,0.45,7.95,1.25,880,-15.97,25.67
19-192,Tüskevár,66.56,21.75,308,50.44,41.64,0.29,7.04,0.59,341,-16.12,19.89
19-193,Ugod,55.99,23.35,668,44.4,46.58,1.5,6.83,0.68,732,-11.59,23.23
19-194,Ukk,68.94,19.25,161,51.57,40.88,2.52,5.03,0.0,159,-17.37,21.63
19-195,Uzsa,41.62,44.16,197,32.7,58.29,1.42,7.11,0.47,211,-8.92,14.13
19-196,Úrkút,50.76,24.62,1056,36.49,53.94,0.71,8.24,0.62,1129,-14.27,29.32
19-197,Vanyola,81.32,12.45,273,65.99,28.23,0.0,5.78,0.0,294,-15.33,15.78
19-198,Vaszar,73.68,17.36,893,56.67,35.11,0.41,7.29,0.51,974,-17.01,17.75
19-199,Várkesző,56.0,29.0,100,38.94,53.98,0.0,3.54,3.54,113,-17.06,24.98
19-200,Városlőd,49.57,23.41,692,40.84,53.25,1.15,4.76,0.0,693,-8.73,29.84
19-201,Várpalota,46.23,39.77,10571,31.8,59.45,1.62,6.4,0.73,12073,-14.43,19.68
19-202,Vászoly,60.12,22.54,173,48.13,44.39,0.53,5.35,1.6,187,-11.99,21.85
19-203,Veszprém,43.21,43.35,33497,30.09,61.85,1.45,5.58,1.03,33207,-13.12,18.5
19-204,Veszprémfajsz,29.01,22.22,162,26.58,58.86,1.9,12.03,0.63,158,-2.43,36.64
19-205,Veszprémgalsa,67.08,19.88,161,45.0,47.78,1.11,6.11,0.0,180,-22.08,27.9
19-206,Vid,87.04,9.26,54,62.79,34.88,0.0,2.33,0.0,43,-24.25,25.62
19-207,Vigántpetend,67.96,15.53,103,41.12,51.4,0.0,5.61,1.87,107,-26.84,35.87
19-208,Vilonya,58.04,30.4,398,34.82,56.25,0.67,6.92,1.34,448,-23.22,25.85
19-209,Vinár,58.9,33.56,146,52.35,37.58,2.01,7.38,0.67,149,-6.55,4.02
19-210,Vöröstó,51.61,19.35,62,39.62,47.17,0.0,9.43,3.77,53,-11.99,27.82
19-211,Zalaerdőd,55.56,36.75,117,40.54,52.03,0.68,6.08,0.68,148,-15.02,15.28
19-212,Zalagyömörő,73.11,13.45,238,56.8,36.0,0.0,6.4,0.8,250,-16.31,22.55
19-213,Zalahaláp,57.64,31.34,635,39.79,51.24,1.3,7.15,0.52,769,-17.85,19.9
19-214,Zalameggyes,62.5,21.88,32,57.58,36.36,0.0,3.03,3.03,33,-4.92,14.48
19-215,Zalaszegvár,74.16,21.35,89,47.96,45.92,1.02,5.1,0.0,98,-26.2,24.57
19-216,Zánka,47.9,39.34,572,35.58,56.58,1.25,6.27,0.31,638,-12.32,17.24
19-217,Zirc,52.27,33.76,3872,35.02,56.63,1.13,6.0,1.22,4166,-17.25,22.87
19-218,Balatonakarattya,53.65,33.51,576,34.43,55.84,1.2,7.19,1.35,668,-19.22,22.33
20-001,Alibánfa,57.2,32.4,250,46.01,47.53,0.38,5.32,0.76,263,-11.19,15.13
20-002,Almásháza,59.09,22.73,44,38.64,50.0,0.0,9.09,2.27,44,-20.45,27.27
20-003,Alsónemesapáti,66.3,19.61,362,44.07,47.46,0.97,7.02,0.48,413,-22.23,27.85
20-004,Alsópáhok,62.7,25.76,823,43.69,47.65,0.31,7.4,0.94,959,-19.01,21.89
20-005,Alsórajk,66.89,27.03,148,45.93,46.51,1.16,4.65,1.74,172,-20.96,19.48
20-006,Alsószenterzsébet,78.57,14.29,42,52.5,37.5,2.5,7.5,0.0,40,-26.07,23.21
20-007,Babosdöbréte,71.99,16.67,282,51.46,37.86,1.29,9.06,0.32,309,-20.53,21.19
20-008,Baglad,100.0,0.0,22,63.64,18.18,0.0,18.18,0.0,22,-36.36,18.18
20-009,Bagod,64.21,24.82,693,47.81,46.91,0.52,4.38,0.39,776,-16.4,22.09
20-010,Bak,61.9,26.53,916,43.16,48.05,2.1,5.99,0.7,1001,-18.74,21.52
20-011,Baktüttös,69.27,24.02,179,56.86,35.78,0.98,6.37,0.0,204,-12.41,11.76
20-012,Balatongyörök,48.78,36.77,699,39.64,52.56,1.28,6.14,0.38,782,-9.14,15.79
20-013,Balatonmagyaród,66.67,21.72,198,48.68,38.16,3.07,10.09,0.0,228,-17.99,16.44
20-014,Barlahida,55.41,35.14,74,38.27,51.85,0.0,9.88,0.0,81,-17.14,16.71
20-015,Batyk,67.58,23.63,182,51.24,42.29,1.49,4.48,0.5,201,-16.34,18.66
20-016,Bánokszentgyörgy,67.88,22.19,302,49.85,40.6,0.9,8.06,0.6,335,-18.03,18.41
20-017,Bázakerettye,36.55,46.95,394,30.88,59.07,2.45,5.88,1.72,408,-5.67,12.12
20-018,Becsehely,55.79,31.25,1088,38.11,54.84,0.9,5.82,0.33,1220,-17.68,23.59
20-019,Becsvölgye,62.53,26.49,419,49.67,44.37,0.0,4.86,1.1,453,-12.86,17.88
20-020,Belezna,62.78,27.27,352,45.71,46.23,1.3,6.49,0.26,385,-17.07,18.96
20-021,Belsősárd,70.49,19.67,61,41.25,48.75,0.0,6.25,3.75,80,-29.24,29.08
20-022,Bezeréd,65.52,18.39,87,48.04,44.12,0.0,7.84,0.0,102,-17.48,25.73
20-023,Bocfölde,61.42,23.59,674,42.95,48.88,1.05,6.32,0.79,759,-18.47,25.29
20-024,Bocska,67.83,20.28,143,47.02,47.62,1.79,2.98,0.6,168,-20.81,27.34
20-025,Boncodfölde,58.45,29.68,219,37.31,50.77,0.38,10.0,1.54,260,-21.14,21.09
20-026,Borsfa,65.99,25.0,344,42.65,51.9,0.71,4.27,0.47,422,-23.34,26.9
20-027,Bókaháza,75.66,14.47,152,65.36,24.84,0.65,9.15,0.0,153,-10.3,10.37
20-028,Böde,68.99,13.29,158,49.71,38.73,0.0,10.4,1.16,173,-19.28,25.44
20-029,Bödeháza,81.25,0.0,32,45.71,40.0,0.0,8.57,5.71,35,-35.54,40.0
20-030,Börzönce,56.67,30.0,30,33.33,62.96,0.0,3.7,0.0,27,-23.34,32.96
20-031,Búcsúszentlászló,61.54,24.89,442,45.33,43.56,1.56,8.67,0.89,450,-16.21,18.67
20-032,Bucsuta,74.04,14.42,104,56.78,37.29,0.0,5.93,0.0,118,-17.26,22.87
20-033,Csapi,68.29,19.51,82,52.69,34.41,3.23,9.68,0.0,93,-15.6,14.9
20-034,Csatár,63.95,24.45,319,42.77,47.4,0.87,7.51,1.45,346,-21.18,22.95
20-035,Cserszegtomaj,53.78,32.54,1718,38.86,50.78,1.11,8.38,0.87,2064,-14.92,18.24
20-036,Csertalakos,71.43,14.29,14,46.67,26.67,0.0,26.67,0.0,15,-24.76,12.38
20-037,Csesztreg,63.17,26.53,505,45.04,48.9,0.74,4.6,0.74,544,-18.13,22.37
20-038,Csonkahegyhát,63.11,22.33,206,45.95,47.3,1.35,5.41,0.0,222,-17.16,24.97
20-039,Csöde,79.63,9.26,54,74.42,13.95,4.65,6.98,0.0,43,-5.21,4.69
20-040,Csömödér,69.28,18.95,306,44.63,49.66,0.0,5.37,0.34,298,-24.65,30.71
20-041,Csörnyeföld,67.51,19.29,197,49.01,44.55,2.97,2.97,0.5,202,-18.5,25.26
20-042,Dióskál,66.95,24.15,236,54.81,40.17,0.84,2.93,1.26,239,-12.14,16.02
20-043,Dobri,49.48,31.96,97,37.11,57.73,0.0,4.12,1.03,97,-12.37,25.77
20-044,Dobronhegy,64.15,15.09,106,50.0,40.18,0.89,8.93,0.0,112,-14.15,25.09
20-045,Döbröce,58.49,28.3,53,51.02,38.78,0.0,10.2,0.0,49,-7.47,10.48
20-046,Dötk,57.14,38.1,21,38.1,57.14,0.0,4.76,0.0,21,-19.04,19.04
20-047,Egeraracsa,71.9,19.61,153,43.75,50.57,0.57,5.11,0.0,176,-28.15,30.96
20-048,Egervár,69.87,19.71,624,51.3,41.19,0.31,6.74,0.46,653,-18.57,21.48
20-049,Eszteregnye,57.32,30.52,403,40.34,51.21,0.72,7.25,0.48,414,-16.98,20.69
20-050,Esztergályhorváti,62.56,21.67,203,36.41,52.91,1.94,7.77,0.97,206,-26.15,31.24
20-051,Felsőpáhok,63.73,24.35,386,42.79,49.34,0.87,5.68,1.31,458,-20.94,24.99
20-052,Felsőrajk,70.22,21.09,403,49.66,44.19,1.14,4.56,0.46,439,-20.56,23.1
20-053,Felsőszenterzsébet,38.46,46.15,13,21.43,71.43,7.14,0.0,0.0,14,-17.03,25.28
20-054,Fityeház,65.94,25.34,367,47.87,43.86,1.25,6.52,0.5,399,-18.07,18.52
20-055,Fűzvölgy,58.97,17.95,78,36.67,51.11,0.0,10.0,2.22,90,-22.3,33.16
20-056,Galambok,67.61,20.42,568,50.79,40.85,0.79,6.78,0.79,634,-16.82,20.43
20-057,Garabonc,73.31,14.95,281,56.18,35.59,0.29,7.35,0.59,340,-17.13,20.64
20-058,Gáborjánháza,77.14,17.14,35,75.0,15.91,2.27,6.82,0.0,44,-2.14,-1.23
20-059,Gellénháza,57.44,29.43,914,42.52,46.34,1.75,8.05,1.34,969,-14.92,16.91
20-060,Gelse,52.87,37.71,541,38.06,53.82,2.07,5.73,0.32,628,-14.81,16.11
20-061,Gelsesziget,65.52,22.07,145,36.88,55.0,1.88,6.25,0.0,160,-28.64,32.93
20-062,Gétye,67.39,28.26,46,54.72,35.85,3.77,5.66,0.0,53,-12.67,7.59
20-063,Gombosszeg,45.83,41.67,24,28.57,42.86,0.0,28.57,0.0,35,-17.26,1.19
20-064,Gosztola,55.56,44.44,36,28.89,68.89,2.22,0.0,0.0,45,-26.67,24.45
20-065,Gősfa,79.52,13.25,166,57.36,32.49,0.51,9.14,0.51,197,-22.16,19.24
20-066,Gutorfölde,57.69,26.19,546,39.08,50.09,0.89,9.24,0.71,563,-18.61,23.9
20-067,Gyenesdiás,56.44,33.03,2222,40.76,51.68,0.98,5.64,0.94,2554,-15.68,18.65
20-068,Gyűrűs,67.65,29.41,34,36.67,60.0,0.0,3.33,0.0,30,-30.98,30.59
20-069,Hagyárosbörönd,67.63,17.92,173,46.07,44.5,1.57,7.85,0.0,191,-21.56,26.58
20-070,Hahót,68.38,21.69,544,50.17,41.47,1.37,6.66,0.34,586,-18.21,19.78
20-071,Hernyék,40.0,60.0,40,30.91,63.64,1.82,3.64,0.0,55,-9.09,3.64
20-072,Hévíz,56.74,33.04,2612,41.26,50.84,0.91,6.37,0.62,2746,-15.48,17.8
20-073,Homokkomárom,59.84,28.69,122,44.6,47.48,0.0,7.91,0.0,139,-15.24,18.79
20-074,Hosszúvölgy,57.84,29.41,102,28.85,61.54,1.92,5.77,1.92,104,-28.99,32.13
20-075,Hottó,60.09,29.58,213,41.92,51.53,1.75,4.8,0.0,229,-18.17,21.95
20-076,Iborfia,81.82,9.09,11,66.67,25.0,0.0,8.33,0.0,12,-15.15,15.91
20-077,Iklódbördőce,72.56,18.29,164,54.72,35.85,0.0,9.43,0.0,159,-17.84,17.56
20-078,Kacorlak,66.35,22.12,104,44.72,50.41,0.81,4.07,0.0,123,-21.63,28.29
20-079,Kallósd,81.67,15.0,60,61.11,29.63,0.0,7.41,1.85,54,-20.56,14.63
20-080,Karmacs,68.5,21.25,400,55.22,38.52,0.93,4.87,0.46,431,-13.28,17.27
20-081,Kálócfa,75.61,18.29,82,53.41,43.18,0.0,2.27,1.14,88,-22.2,24.89
20-082,Kányavár,71.64,17.91,67,58.82,23.53,4.41,13.24,0.0,68,-12.82,5.62
20-083,Kávás,64.23,18.25,137,42.04,47.13,1.27,9.55,0.0,157,-22.19,28.88
20-084,Kehidakustány,64.7,21.67,609,48.11,41.65,0.56,8.56,1.12,713,-16.59,19.98
20-085,Kemendollár,63.22,19.16,261,41.61,48.91,0.36,8.03,1.09,274,-21.61,29.75
20-086,Keménfa,69.05,21.43,42,50.94,47.17,1.89,0.0,0.0,53,-18.11,25.74
20-087,Kerecseny,75.86,11.49,87,62.0,33.0,0.0,5.0,0.0,100,-13.86,21.51
20-088,Kerkabarabás,69.57,22.36,161,52.33,37.79,1.16,7.56,1.16,172,-17.24,15.43
20-089,Kerkafalva,76.83,9.76,82,53.76,24.73,0.0,21.51,0.0,93,-23.07,14.97
20-090,Kerkakutas,74.63,20.9,67,60.0,36.25,1.25,2.5,0.0,80,-14.63,15.35
20-091,Kerkaszentkirály,61.29,21.77,124,43.57,42.86,1.43,11.43,0.71,140,-17.72,21.09
20-092,Kerkateskánd,64.08,25.24,103,43.52,43.52,0.0,11.11,1.85,108,-20.56,18.28
20-093,Keszthely,51.62,37.21,12930,39.98,51.57,1.43,6.28,0.74,10564,-11.64,14.36
20-094,Kilimán,65.25,29.66,118,47.2,46.4,0.8,4.0,1.6,125,-18.05,16.74
20-095,Kisbucsa,68.84,20.29,276,46.08,46.42,0.68,6.14,0.68,293,-22.76,26.13
20-096,Kiscsehi,58.12,25.64,117,51.2,41.6,0.0,6.4,0.8,125,-6.92,15.96
20-097,Kisgörbő,71.05,22.37,76,45.36,52.58,0.0,2.06,0.0,97,-25.69,30.21
20-098,Kiskutas,63.93,24.59,122,43.2,47.2,0.0,8.0,1.6,125,-20.73,22.61
20-099,Kispáli,70.88,17.58,182,48.39,44.09,1.08,6.45,0.0,186,-22.49,26.51
20-100,Kisrécse,63.27,29.59,98,53.85,40.66,0.0,4.4,1.1,91,-9.42,11.07
20-101,Kissziget,85.56,11.11,90,69.88,25.3,0.0,4.82,0.0,83,-15.68,14.19
20-102,Kistolmács,76.09,20.65,92,57.83,36.14,1.2,3.61,1.2,83,-18.26,15.49
20-103,Kisvásárhely,88.57,2.86,35,62.79,27.91,0.0,6.98,2.33,43,-25.78,25.05
20-104,Kozmadombja,87.5,0.0,24,57.69,34.62,0.0,7.69,0.0,26,-29.81,34.62
20-105,Kustánszeg,68.4,24.16,269,49.12,47.02,1.4,2.11,0.35,285,-19.28,22.86
20-106,Külsősárd,70.73,26.83,41,56.25,39.58,2.08,2.08,0.0,48,-14.48,12.75
20-107,Lakhegy,70.57,19.4,299,51.8,40.33,0.33,6.56,0.98,305,-18.77,20.93
20-108,Lasztonya,51.72,34.48,29,36.36,57.58,3.03,3.03,0.0,33,-15.36,23.1
20-109,Lendvadedes,75.0,25.0,20,46.15,34.62,0.0,15.38,3.85,26,-28.85,9.62
20-110,Lendvajakabfa,58.33,12.5,24,32.0,56.0,0.0,12.0,0.0,25,-26.33,43.5
20-111,Lenti,59.32,31.12,4634,41.82,51.76,1.08,4.49,0.84,4739,-17.5,20.64
20-112,Letenye,58.91,30.2,2083,43.03,49.86,1.32,5.74,0.05,2196,-15.88,19.66
20-113,Lickóvadamos,68.47,22.52,111,45.08,49.18,0.82,4.92,0.0,122,-23.39,26.66
20-114,Ligetfalva,72.22,16.67,36,47.37,39.47,0.0,10.53,2.63,38,-24.85,22.8
20-115,Lispeszentadorján,56.06,34.09,132,48.3,42.86,1.36,6.12,1.36,147,-7.76,8.77
20-116,Liszó,51.64,33.8,213,32.2,57.2,0.42,7.63,2.54,236,-19.44,23.4
20-117,Lovászi,52.99,37.54,602,34.29,58.49,1.44,5.45,0.32,624,-18.7,20.95
20-118,Magyarföld,53.33,30.0,30,20.59,64.71,2.94,8.82,2.94,34,-32.74,34.71
20-119,Magyarszentmiklós,55.56,30.72,153,33.76,57.96,0.64,7.64,0.0,157,-21.8,27.24
20-120,Magyarszerdahely,65.22,22.92,253,50.0,42.03,0.72,6.88,0.36,276,-15.22,19.11
20-121,Maróc,60.53,26.32,38,40.62,37.5,0.0,21.88,0.0,32,-19.91,11.18
20-122,Márokföld,48.65,21.62,37,21.43,64.29,0.0,14.29,0.0,42,-27.22,42.67
20-123,Miháld,66.58,24.47,380,49.76,40.29,1.46,8.01,0.49,412,-16.82,15.82
20-124,Mihályfa,75.71,14.76,210,54.04,37.02,0.43,8.09,0.43,235,-21.67,22.26
20-125,Mikekarácsonyfa,86.07,7.38,122,86.52,13.48,0.0,0.0,0.0,89,0.45,6.1
20-126,Milejszeg,70.62,19.77,177,53.85,38.46,0.96,6.73,0.0,208,-16.77,18.69
20-127,Misefa,52.69,31.74,167,27.98,62.5,1.19,8.33,0.0,168,-24.71,30.76
20-128,Molnári,58.49,27.68,383,45.01,47.06,1.28,6.14,0.51,391,-13.48,19.38
20-129,Murakeresztúr,59.2,27.71,848,39.32,53.45,0.96,5.84,0.43,941,-19.88,25.74
20-130,Murarátka,62.22,27.41,135,42.86,43.65,0.79,12.7,0.0,126,-19.36,16.24
20-131,Muraszemenye,70.61,20.0,245,47.5,44.29,0.36,6.43,1.43,280,-23.11,24.29
20-132,Nagybakónak,65.91,23.18,220,49.79,40.59,1.26,7.95,0.42,239,-16.12,17.41
20-133,Nagygörbő,64.52,24.73,93,57.14,28.57,0.95,12.38,0.95,105,-7.38,3.84
20-134,Nagykanizsa,47.0,42.37,27039,33.69,58.63,1.73,5.37,0.58,27126,-13.31,16.26
20-135,Nagykapornak,51.73,32.03,462,18.0,73.78,0.2,6.46,1.57,511,-33.73,41.75
20-136,Nagykutas,68.86,16.85,273,50.0,44.1,0.0,4.17,1.74,288,-18.86,27.25
20-137,Nagylengyel,56.95,29.15,295,37.87,53.55,0.3,8.28,0.0,338,-19.08,24.4
20-138,Nagypáli,56.41,30.13,312,38.92,55.14,0.54,5.14,0.27,370,-17.49,25.01
20-139,Nagyrada,63.32,27.07,229,52.42,40.52,0.37,6.32,0.37,269,-10.9,13.45
20-140,Nagyrécse,56.74,32.96,631,34.39,59.56,1.24,4.54,0.28,727,-22.35,26.6
20-141,Nemesapáti,65.07,22.06,272,51.14,38.44,0.65,8.79,0.98,307,-13.93,16.38
20-142,Nemesbük,62.81,25.07,363,48.22,41.33,1.33,8.22,0.89,450,-14.59,16.26
20-143,Nemeshetés,66.45,17.42,155,49.38,35.8,0.0,14.2,0.62,162,-17.07,18.38
20-144,Nemesnép,76.32,17.11,76,58.67,40.0,0.0,1.33,0.0,75,-17.65,22.89
20-145,Nemespátró,78.48,17.72,158,55.29,40.0,0.59,3.53,0.59,170,-23.19,22.28
20-146,Nemesrádó,63.64,23.3,176,42.64,48.73,1.02,6.09,1.52,197,-21.0,25.43
20-147,Nemessándorháza,69.38,20.0,160,51.14,38.07,0.57,7.95,2.27,176,-18.24,18.07
20-148,Nemesszentandrás,74.67,14.0,150,56.41,33.97,1.92,7.05,0.64,156,-18.26,19.97
20-149,Németfalu,79.1,10.45,134,63.04,23.91,1.45,11.59,0.0,138,-16.06,13.46
20-150,Nova,66.06,26.02,442,48.95,45.38,0.21,5.04,0.42,476,-17.11,19.36
20-151,Oltárc,74.53,16.04,106,61.32,35.85,0.0,2.83,0.0,106,-13.21,19.81
20-152,Orbányosfa,86.15,12.31,65,60.61,30.3,0.0,9.09,0.0,66,-25.54,17.99
20-153,Ormándlak,68.66,22.39,67,47.44,41.03,1.28,10.26,0.0,78,-21.22,18.64
20-154,Orosztony,69.71,23.43,175,53.57,40.31,1.53,3.57,1.02,196,-16.14,16.88
20-155,Ortaháza,75.47,22.64,53,56.67,36.67,0.0,3.33,3.33,60,-18.8,14.03
20-156,Ozmánbük,83.5,7.77,103,67.86,21.43,0.89,8.93,0.89,112,-15.64,13.66
20-157,Óhíd,57.55,29.86,278,35.83,55.76,0.62,7.17,0.62,321,-21.72,25.9
20-158,Pacsa,67.39,22.63,782,51.12,42.26,1.01,5.61,0.0,892,-16.27,19.63
20-159,Padár,71.43,17.86,56,62.69,25.37,4.48,7.46,0.0,67,-8.74,7.51
20-160,Pakod,69.21,19.33,419,52.67,37.24,0.62,9.05,0.41,486,-16.54,17.91
20-161,Pat,69.07,21.65,97,46.39,40.21,1.03,11.34,1.03,97,-22.68,18.56
20-162,Páka,65.47,24.43,614,50.0,42.92,0.79,5.5,0.79,636,-15.47,18.49
20-163,Pálfiszeg,74.53,6.6,106,51.92,31.73,0.0,16.35,0.0,104,-22.61,25.13
20-164,Pethőhenye,67.69,23.14,229,53.31,39.69,0.78,5.84,0.39,257,-14.38,16.55
20-165,Petrikeresztúr,68.16,20.63,223,48.28,42.24,0.43,7.76,1.29,232,-19.88,21.61
20-166,Petrivente,51.76,36.18,199,44.23,44.71,0.96,9.62,0.48,208,-7.53,8.53
20-167,Pókaszepetk,68.36,19.92,512,47.96,44.22,0.0,7.65,0.17,588,-20.4,24.3
20-168,Pórszombat,78.44,8.98,167,65.22,27.72,0.54,5.43,1.09,184,-13.22,18.74
20-169,Pölöske,70.8,21.61,435,55.93,36.38,1.04,5.41,1.25,481,-14.87,14.77
20-170,Pölöskefő,63.58,25.43,173,44.44,47.83,0.48,6.28,0.97,207,-19.14,22.4
20-171,Pördefölde,76.67,13.33,30,62.5,32.5,0.0,5.0,0.0,40,-14.17,19.17
20-172,Pötréte,69.28,19.88,166,49.4,40.48,0.6,9.52,0.0,168,-19.88,20.6
20-173,Pusztaapáti,80.0,15.0,20,53.33,46.67,0.0,0.0,0.0,15,-26.67,31.67
20-174,Pusztaederics,72.48,16.51,109,59.29,27.43,0.0,12.39,0.88,113,-13.19,10.92
20-175,Pusztamagyaród,70.3,20.68,266,51.42,41.32,1.58,5.05,0.63,317,-18.88,20.64
20-176,Pusztaszentlászló,60.61,25.98,358,40.76,50.27,1.36,7.61,0.0,368,-19.85,24.29
20-177,Ramocsa,88.89,11.11,18,36.84,47.37,0.0,15.79,0.0,19,-52.05,36.26
20-178,Resznek,64.89,19.08,131,48.98,45.58,0.68,4.08,0.68,147,-15.91,26.5
20-179,Rezi,67.98,21.64,684,53.27,38.41,0.38,7.3,0.64,781,-14.71,16.77
20-180,Rédics,65.35,26.93,505,43.73,50.0,0.0,6.27,0.0,558,-21.62,23.07
20-181,Rigyác,64.89,27.56,225,50.62,42.39,0.82,6.17,0.0,243,-14.27,14.83
20-182,Salomvár,67.25,22.61,345,48.72,43.59,1.54,5.64,0.51,390,-18.53,20.98
20-183,Sand,70.75,21.7,212,48.93,40.34,1.72,8.58,0.43,233,-21.82,18.64
20-184,Sárhida,66.51,21.23,424,53.86,35.76,1.55,7.95,0.88,453,-12.65,14.53
20-185,Sármellék,56.37,28.94,926,42.14,48.45,0.64,7.77,1.01,1094,-14.23,19.51
20-186,Semjénháza,52.72,31.31,313,34.08,58.66,0.28,6.7,0.28,358,-18.64,27.35
20-187,Sénye,47.62,45.24,42,20.45,65.91,4.55,9.09,0.0,44,-27.17,20.67
20-188,Sormás,56.09,34.73,501,44.4,47.34,1.28,5.87,1.1,545,-11.69,12.61
20-189,Söjtör,56.08,29.61,699,39.27,51.19,0.88,8.16,0.5,797,-16.81,21.58
20-190,Surd,62.13,27.22,338,44.38,49.59,1.64,3.84,0.55,365,-17.75,22.37
20-191,Sümegcsehi,81.84,12.1,347,60.1,32.55,1.05,5.25,1.05,381,-21.74,20.45
20-192,Szalapa,72.97,18.02,111,69.23,29.06,0.0,0.0,1.71,117,-3.74,11.04
20-193,Szentgyörgyvár,73.85,16.92,195,49.31,40.09,0.92,9.22,0.46,217,-24.54,23.17
20-194,Szentgyörgyvölgy,74.19,17.97,217,51.58,44.34,0.45,3.62,0.0,221,-22.61,26.37
20-195,Szentkozmadombja,50.0,15.0,40,39.22,39.22,0.0,19.61,1.96,51,-10.78,24.22
20-196,Szentliszló,66.67,20.75,159,50.0,46.71,0.66,2.63,0.0,152,-16.67,25.96
20-197,Szentmargitfalva,58.97,25.64,39,38.0,46.0,2.0,14.0,0.0,50,-20.97,20.36
20-198,Szentpéterfölde,51.72,22.41,58,32.84,59.7,1.49,2.99,2.99,67,-18.88,37.29
20-199,Szentpéterúr,73.59,17.8,337,61.66,31.61,0.52,4.92,1.3,386,-11.93,13.81
20-200,Szepetnek,53.99,33.38,776,39.41,52.66,0.76,6.73,0.43,921,-14.58,19.28
20-201,Szécsisziget,44.09,33.86,127,31.34,61.19,2.24,5.22,0.0,134,-12.75,27.33
20-202,Szijártóháza,77.78,22.22,9,55.56,27.78,0.0,11.11,5.56,18,-22.22,5.56
20-203,Szilvágy,73.68,23.68,114,56.49,39.69,0.0,3.82,0.0,131,-17.19,16.01
20-204,Teskánd,58.66,30.01,733,35.53,56.94,1.04,6.25,0.23,864,-23.13,26.93
20-205,Tilaj,77.06,11.93,109,60.19,32.41,0.0,7.41,0.0,108,-16.87,20.48
20-206,Tormafölde,63.5,24.5,200,50.51,41.84,1.53,6.12,0.0,196,-12.99,17.34
20-207,Tornyiszentmiklós,67.87,24.19,277,50.34,40.6,0.34,7.72,1.01,298,-17.53,16.41
20-208,Tófej,64.96,22.64,371,48.06,40.53,2.18,8.5,0.73,412,-16.9,17.89
20-209,Tótszentmárton,55.53,31.16,398,41.67,49.78,1.54,6.58,0.44,456,-13.86,18.62
20-210,Tótszerdahely,60.77,25.88,599,41.7,51.6,0.46,6.09,0.15,657,-19.07,25.72
20-211,Türje,64.03,26.94,720,50.4,42.1,1.27,5.65,0.58,867,-13.63,15.16
20-212,Újudvar,59.18,27.54,512,37.27,54.64,0.51,7.42,0.17,593,-21.91,27.1
20-213,Valkonya,44.44,38.89,36,35.9,46.15,7.69,7.69,2.56,39,-8.54,7.26
20-214,Vasboldogasszony,71.65,18.9,328,54.5,41.27,0.53,3.44,0.26,378,-17.15,22.37
20-215,Vaspör,73.86,16.18,241,59.2,36.8,0.8,2.8,0.4,250,-14.66,20.62
20-216,Vállus,68.75,21.88,64,39.44,49.3,0.0,11.27,0.0,71,-29.31,27.42
20-217,Várfölde,60.61,34.34,99,38.6,53.51,0.88,5.26,1.75,114,-22.01,19.17
20-218,Várvölgy,72.2,17.66,572,54.0,36.29,0.0,9.03,0.68,587,-18.2,18.63
20-219,Vindornyafok,71.64,20.9,67,61.33,30.67,0.0,6.67,1.33,75,-10.31,9.77
20-220,Vindornyalak,59.46,18.92,37,46.15,33.33,0.0,17.95,2.56,39,-13.31,14.41
20-221,Vindornyaszőlős,78.68,18.27,197,54.71,36.77,0.0,7.17,1.35,223,-23.97,18.5
20-222,Vonyarcvashegy,59.25,31.08,1303,41.03,49.52,0.96,6.82,1.67,1555,-18.22,18.44
20-223,Vöckönd,70.18,22.81,57,51.61,33.87,4.84,9.68,0.0,62,-18.57,11.06
20-224,Zajk,60.55,36.7,109,52.94,42.02,2.52,1.68,0.84,119,-7.61,5.32
20-225,Zalaapáti,69.55,21.78,785,52.39,38.41,1.02,7.61,0.57,880,-17.16,16.63
20-226,Zalabaksa,68.2,20.8,327,49.27,42.52,1.47,5.87,0.88,341,-18.93,21.72
20-227,Zalabér,64.76,23.78,349,44.83,46.31,0.99,7.14,0.74,406,-19.93,22.53
20-228,Zalaboldogfa,71.86,15.08,199,50.4,43.15,0.0,6.45,0.0,248,-21.46,28.07
20-229,Zalacsány,63.64,23.76,484,47.6,42.15,1.6,7.21,1.44,624,-16.04,18.39
20-230,Zalacséb,55.79,26.67,285,38.31,52.88,1.69,5.42,1.69,295,-17.48,26.21
20-231,Zalaegerszeg,51.52,36.23,34229,37.3,54.26,1.28,6.32,0.83,34154,-14.22,18.03
20-232,Zalaháshágy,68.86,17.98,228,51.0,38.55,2.41,6.43,1.61,249,-17.86,20.57
20-233,Zalaigrice,81.03,13.79,58,70.37,25.93,1.85,1.85,0.0,54,-10.66,12.14
20-234,Zalaistvánd,65.9,22.12,217,52.54,39.83,1.27,6.36,0.0,236,-13.36,17.71
20-235,Zalakaros,54.05,33.2,1271,40.61,51.53,0.73,6.79,0.33,1502,-13.44,18.33
20-236,Zalakomár,77.51,14.19,1205,62.64,32.45,0.6,3.85,0.45,1325,-14.87,18.26
20-237,Zalaköveskút,70.83,16.67,24,55.56,33.33,0.0,11.11,0.0,27,-15.27,16.66
20-238,Zalalövő,70.01,18.58,1604,51.54,39.2,0.91,7.26,1.09,1750,-18.47,20.62
20-239,Zalamerenye,69.61,27.45,102,43.52,49.07,0.93,6.48,0.0,108,-26.09,21.62
20-240,Zalasárszeg,65.15,27.27,66,47.06,44.71,2.35,5.88,0.0,85,-18.09,17.44
20-241,Zalaszabar,64.02,22.73,264,51.03,37.93,1.03,9.66,0.34,290,-12.99,15.2
20-242,Zalaszántó,69.36,20.7,483,49.31,42.19,1.22,6.6,0.69,576,-20.05,21.49
20-243,Zalaszentbalázs,54.72,35.41,466,39.63,54.58,0.75,4.67,0.37,535,-15.09,19.17
20-244,Zalaszentgrót,59.38,30.23,3434,44.2,48.53,1.0,5.58,0.7,3713,-15.18,18.3
20-245,Zalaszentgyörgy,60.95,24.82,274,53.45,39.27,0.36,5.82,1.09,275,-7.5,14.45
20-246,Zalaszentiván,60.74,28.7,568,48.81,45.31,1.11,4.29,0.48,629,-11.93,16.61
20-247,Zalaszentjakab,69.13,22.82,149,54.09,37.74,0.63,7.55,0.0,159,-15.04,14.92
20-248,Zalaszentlászló,66.84,17.74,389,47.86,38.33,1.19,11.67,0.95,420,-18.98,20.59
20-249,Zalaszentlőrinc,67.7,18.01,161,58.82,32.35,0.59,8.24,0.0,170,-8.88,14.34
20-250,Zalaszentmárton,57.78,26.67,45,55.77,26.92,1.92,13.46,1.92,52,-2.01,0.25
20-251,Zalaszentmihály,58.45,29.74,491,45.62,47.76,0.72,5.55,0.36,559,-12.83,18.02
20-252,Zalaszombatfa,66.67,22.22,36,33.33,59.26,0.0,3.7,3.7,27,-33.34,37.04
20-253,Zalatárnok,71.99,17.77,332,56.02,35.01,0.56,8.4,0.0,357,-15.97,17.24
20-254,Zalaújlak,60.32,25.4,63,43.55,41.94,1.61,12.9,0.0,62,-16.77,16.54
20-255,Zalavár,69.16,21.09,441,48.2,40.0,1.2,9.6,1.0,500,-20.96,18.91
20-256,Zalavég,74.87,17.65,187,56.78,35.68,2.01,4.52,1.01,199,-18.09,18.03
20-257,Zebecke,74.19,16.13,31,46.43,50.0,0.0,3.57,0.0,28,-27.76,33.87
20-258,Tekenye,73.09,16.47,249,58.06,31.54,0.36,9.32,0.72,279,-15.03,15.07
